Price,Close,High,Low,Open,Volume
Ticker,ES=F,ES=F,ES=F,ES=F,ES=F
Datetime,,,,,
2026-08-24 00:00:00-04:00,7683.5,7684.25,7682.75,7683.0,0
2026-08-24 00:01:00-04:00,7682.75,7683.75,7682.5,7683.75,146
2026-08-24 00:02:00-04:00,7683.25,7683.25,7682.75,7682.75,44
2026-08-24 00:03:00-04:00,7683.5,7683.5,7683.0,7683.25,74
2026-08-24 00:04:00-04:00,7683.75,7683.75,7682.5,7683.25,89
2026-08-24 00:05:00-04:00,7683.5,7683.75,7683.25,7683.5,29
2026-08-24 00:06:00-04:00,7682.25,7683.5,7682.25,7683.25,85
2026-08-24 00:07:00-04:00,7683.0,7683.5,7682.5,7682.5,56
2026-08-24 00:08:00-04:00,7682.25,7683.0,7682.25,7683.0,22
2026-08-24 00:09:00-04:00,7682.25,7682.75,7681.75,7682.25,143
2026-08-24 00:10:00-04:00,7682.5,7682.75,7682.25,7682.25,67
2026-08-24 00:11:00-04:00,7683.0,7683.25,7682.5,7682.75,91
2026-08-24 00:12:00-04:00,7683.75,7684.0,7683.0,7683.0,114
2026-08-24 00:13:00-04:00,7683.5,7684.75,7683.5,7683.75,176
2026-08-24 00:14:00-04:00,7684.5,7684.5,7683.0,7683.25,84
2026-08-24 00:15:00-04:00,7684.25,7685.0,7684.0,7684.75,163
2026-08-24 00:16:00-04:00,7684.0,7684.0,7683.5,7684.0,85
2026-08-24 00:17:00-04:00,7684.0,7684.25,7683.75,7684.0,61
2026-08-24 00:18:00-04:00,7683.75,7684.25,7683.0,7684.0,149
2026-08-24 00:19:00-04:00,7683.5,7683.75,7682.75,7683.5,76
2026-08-24 00:20:00-04:00,7684.75,7684.75,7683.75,7683.75,131
2026-08-24 00:21:00-04:00,7684.25,7685.0,7683.75,7684.75,92
2026-08-24 00:22:00-04:00,7683.0,7684.5,7683.0,7684.0,89
2026-08-24 00:23:00-04:00,7682.5,7683.25,7682.25,7683.0,95
2026-08-24 00:24:00-04:00,7681.5,7682.75,7681.25,7682.5,141
2026-08-24 00:25:00-04:00,7682.5,7682.75,7681.0,7681.5,227
2026-08-24 00:26:00-04:00,7682.75,7683.75,7681.75,7682.5,435
2026-08-24 00:27:00-04:00,7681.0,7682.75,7681.0,7682.5,259
2026-08-24 00:28:00-04:00,7682.75,7682.75,7680.5,7681.25,109
2026-08-24 00:29:00-04:00,7683.5,7683.5,7682.0,7682.75,95
2026-08-24 00:30:00-04:00,7683.25,7684.5,7683.0,7683.5,101
2026-08-24 00:31:00-04:00,7682.75,7684.0,7682.0,7683.75,161
2026-08-24 00:32:00-04:00,7683.0,7683.0,7682.0,7682.75,35
2026-08-24 00:33:00-04:00,7681.5,7683.25,7681.0,7683.25,198
2026-08-24 00:34:00-04:00,7681.75,7682.75,7681.25,7681.75,109
2026-08-24 00:35:00-04:00,7681.75,7682.25,7680.75,7682.0,115
2026-08-24 00:36:00-04:00,7681.75,7682.0,7680.75,7681.5,93
2026-08-24 00:37:00-04:00,7682.25,7682.5,7681.75,7682.0,82
2026-08-24 00:38:00-04:00,7682.0,7682.5,7681.25,7682.25,136
2026-08-24 00:39:00-04:00,7681.75,7682.5,7681.5,7682.0,154
2026-08-24 00:40:00-04:00,7681.25,7681.75,7681.0,7681.75,56
2026-08-24 00:41:00-04:00,7682.0,7682.0,7681.0,7681.0,55
2026-08-24 00:42:00-04:00,7681.25,7681.75,7680.75,7681.75,40
2026-08-24 00:43:00-04:00,7682.0,7682.0,7681.25,7681.25,47
2026-08-24 00:44:00-04:00,7683.75,7683.75,7681.75,7681.75,218
2026-08-24 00:45:00-04:00,7683.5,7684.0,7683.0,7683.75,77
2026-08-24 00:46:00-04:00,7683.5,7683.75,7682.0,7683.25,197
2026-08-24 00:47:00-04:00,7682.25,7683.25,7682.0,7683.25,128
2026-08-24 00:48:00-04:00,7682.0,7682.75,7681.5,7682.5,44
2026-08-24 00:49:00-04:00,7681.25,7682.0,7681.25,7681.75,68
2026-08-24 00:50:00-04:00,7682.0,7682.25,7681.25,7681.25,93
2026-08-24 00:51:00-04:00,7681.75,7681.75,7681.0,7681.75,85
2026-08-24 00:52:00-04:00,7681.25,7681.75,7681.25,7681.75,43
2026-08-24 00:53:00-04:00,7681.0,7681.5,7681.0,7681.0,65
2026-08-24 00:54:00-04:00,7681.0,7681.25,7680.5,7681.0,72
2026-08-24 00:55:00-04:00,7680.25,7681.0,7680.0,7680.75,149
2026-08-24 00:56:00-04:00,7680.0,7680.5,7679.75,7680.0,74
2026-08-24 00:57:00-04:00,7679.75,7680.5,7679.75,7680.0,69
2026-08-24 00:58:00-04:00,7679.75,7680.25,7679.75,7679.75,52
2026-08-24 00:59:00-04:00,7679.75,7680.0,7679.5,7680.0,98
2026-08-24 01:00:00-04:00,7681.0,7681.25,7679.75,7680.0,84
2026-08-24 01:01:00-04:00,7680.5,7681.0,7680.0,7680.75,50
2026-08-24 01:02:00-04:00,7680.5,7680.75,7680.25,7680.5,32
2026-08-24 01:03:00-04:00,7680.25,7681.25,7680.25,7680.75,38
2026-08-24 01:04:00-04:00,7680.5,7681.0,7680.0,7680.25,146
2026-08-24 01:05:00-04:00,7683.25,7683.5,7680.5,7680.5,143
2026-08-24 01:06:00-04:00,7684.0,7684.5,7683.0,7683.0,218
2026-08-24 01:07:00-04:00,7684.0,7684.5,7683.0,7684.0,117
2026-08-24 01:08:00-04:00,7684.5,7685.0,7683.25,7684.0,151
2026-08-24 01:09:00-04:00,7684.0,7684.5,7683.75,7684.25,90
2026-08-24 01:10:00-04:00,7684.0,7684.5,7683.0,7683.75,115
2026-08-24 01:11:00-04:00,7684.75,7684.75,7683.25,7684.0,72
2026-08-24 01:12:00-04:00,7684.0,7684.75,7683.75,7684.75,57
2026-08-24 01:13:00-04:00,7683.75,7684.25,7683.75,7684.0,55
2026-08-24 01:14:00-04:00,7685.25,7685.5,7683.75,7683.75,130
2026-08-24 01:15:00-04:00,7683.0,7685.0,7683.0,7685.0,131
2026-08-24 01:16:00-04:00,7683.0,7683.5,7683.0,7683.25,51
2026-08-24 01:17:00-04:00,7683.5,7684.0,7683.0,7683.0,71
2026-08-24 01:18:00-04:00,7683.75,7683.75,7683.25,7683.5,23
2026-08-24 01:19:00-04:00,7682.0,7683.5,7682.0,7683.5,133
2026-08-24 01:20:00-04:00,7682.25,7682.5,7681.75,7681.75,72
2026-08-24 01:21:00-04:00,7682.0,7682.5,7682.0,7682.5,66
2026-08-24 01:22:00-04:00,7682.0,7682.25,7681.5,7682.0,52
2026-08-24 01:23:00-04:00,7682.0,7683.0,7681.75,7682.0,545
2026-08-24 01:24:00-04:00,7681.75,7682.5,7681.5,7682.0,108
2026-08-24 01:25:00-04:00,7681.75,7682.0,7681.5,7681.75,64
2026-08-24 01:26:00-04:00,7681.75,7682.0,7681.5,7681.75,45
2026-08-24 01:27:00-04:00,7681.5,7681.75,7681.25,7681.5,73
2026-08-24 01:28:00-04:00,7680.75,7681.75,7680.25,7681.5,130
2026-08-24 01:29:00-04:00,7680.5,7681.0,7680.5,7680.75,83
2026-08-24 01:30:00-04:00,7679.25,7680.75,7679.25,7680.5,211
2026-08-24 01:31:00-04:00,7677.5,7679.75,7677.5,7679.25,343
2026-08-24 01:32:00-04:00,7677.25,7678.0,7677.0,7677.5,186
2026-08-24 01:33:00-04:00,7677.0,7677.25,7676.25,7677.25,297
2026-08-24 01:34:00-04:00,7676.5,7677.25,7675.5,7676.75,342
2026-08-24 01:35:00-04:00,7676.5,7676.75,7676.0,7676.5,139
2026-08-24 01:36:00-04:00,7676.75,7677.0,7675.75,7676.25,159
2026-08-24 01:37:00-04:00,7677.25,7677.75,7676.25,7676.75,149
2026-08-24 01:38:00-04:00,7679.5,7679.5,7677.25,7677.25,187
2026-08-24 01:39:00-04:00,7677.75,7679.75,7677.75,7679.25,256
2026-08-24 01:40:00-04:00,7680.75,7680.75,7677.75,7677.75,160
2026-08-24 01:41:00-04:00,7681.25,7682.0,7680.75,7680.75,206
2026-08-24 01:42:00-04:00,7679.5,7681.5,7679.0,7681.25,174
2026-08-24 01:43:00-04:00,7679.75,7680.5,7678.75,7679.5,78
2026-08-24 01:44:00-04:00,7678.25,7680.25,7678.25,7679.75,73
2026-08-24 01:45:00-04:00,7678.75,7679.25,7678.0,7678.25,114
2026-08-24 01:46:00-04:00,7678.0,7679.0,7678.0,7678.75,58
2026-08-24 01:47:00-04:00,7677.25,7678.25,7676.5,7678.0,257
2026-08-24 01:48:00-04:00,7676.5,7677.5,7676.0,7677.0,81
2026-08-24 01:49:00-04:00,7677.25,7677.5,7676.5,7676.75,68
2026-08-24 01:50:00-04:00,7676.75,7678.0,7676.25,7677.25,132
2026-08-24 01:51:00-04:00,7677.75,7678.0,7676.75,7676.75,49
2026-08-24 01:52:00-04:00,7677.75,7678.0,7677.25,7677.75,84
2026-08-24 01:53:00-04:00,7677.75,7678.25,7677.25,7678.0,234
2026-08-24 01:54:00-04:00,7677.0,7677.75,7676.75,7677.75,211
2026-08-24 01:55:00-04:00,7676.5,7677.5,7676.0,7677.25,109
2026-08-24 01:56:00-04:00,7677.0,7677.0,7675.0,7676.25,409
2026-08-24 01:57:00-04:00,7676.75,7677.25,7676.25,7677.0,199
2026-08-24 01:58:00-04:00,7676.75,7677.25,7676.25,7676.5,104
2026-08-24 01:59:00-04:00,7676.5,7677.25,7676.5,7676.75,132
2026-08-24 02:00:00-04:00,7676.5,7678.75,7676.25,7676.5,338
2026-08-24 02:01:00-04:00,7675.0,7676.75,7674.5,7676.5,336
2026-08-24 02:02:00-04:00,7674.75,7675.25,7673.75,7675.25,291
2026-08-24 02:03:00-04:00,7673.75,7675.0,7673.75,7674.75,164
2026-08-24 02:04:00-04:00,7673.5,7674.0,7673.25,7674.0,226
2026-08-24 02:05:00-04:00,7672.75,7673.5,7672.0,7673.5,577
2026-08-24 02:06:00-04:00,7672.25,7673.0,7672.25,7673.0,217
2026-08-24 02:07:00-04:00,7673.75,7674.5,7672.5,7672.5,395
2026-08-24 02:08:00-04:00,7672.5,7673.5,7672.0,7673.5,175
2026-08-24 02:09:00-04:00,7673.25,7673.25,7672.25,7672.5,189
2026-08-24 02:10:00-04:00,7672.5,7673.25,7672.25,7673.0,101
2026-08-24 02:11:00-04:00,7672.25,7673.25,7672.0,7672.5,104
2026-08-24 02:12:00-04:00,7673.25,7673.5,7672.25,7672.5,117
2026-08-24 02:13:00-04:00,7673.5,7673.5,7673.0,7673.25,98
2026-08-24 02:14:00-04:00,7673.25,7674.5,7672.5,7673.75,141
2026-08-24 02:15:00-04:00,7674.25,7674.75,7673.0,7673.25,184
2026-08-24 02:16:00-04:00,7675.0,7675.0,7673.25,7674.25,251
2026-08-24 02:17:00-04:00,7672.5,7676.25,7672.5,7675.25,213
2026-08-24 02:18:00-04:00,7672.5,7673.0,7671.75,7672.75,242
2026-08-24 02:19:00-04:00,7671.0,7672.75,7670.75,7672.5,436
2026-08-24 02:20:00-04:00,7672.25,7672.5,7669.0,7670.75,623
2026-08-24 02:21:00-04:00,7673.25,7673.5,7672.0,7672.25,159
2026-08-24 02:22:00-04:00,7672.75,7673.25,7672.5,7673.0,117
2026-08-24 02:23:00-04:00,7672.25,7673.25,7671.75,7672.75,105
2026-08-24 02:24:00-04:00,7673.75,7673.75,7672.25,7672.25,56
2026-08-24 02:25:00-04:00,7674.25,7674.25,7673.0,7673.75,101
2026-08-24 02:26:00-04:00,7673.5,7674.25,7673.5,7674.0,94
2026-08-24 02:27:00-04:00,7674.0,7674.0,7673.5,7674.0,57
2026-08-24 02:28:00-04:00,7674.25,7674.5,7673.75,7673.75,109
2026-08-24 02:29:00-04:00,7673.25,7674.25,7673.25,7674.25,67
2026-08-24 02:30:00-04:00,7672.25,7674.0,7672.0,7673.0,137
2026-08-24 02:31:00-04:00,7673.5,7673.75,7671.75,7672.25,334
2026-08-24 02:32:00-04:00,7672.0,7673.5,7672.0,7673.5,116
2026-08-24 02:33:00-04:00,7673.25,7673.25,7672.0,7672.0,63
2026-08-24 02:34:00-04:00,7673.75,7674.0,7673.5,7673.5,92
2026-08-24 02:35:00-04:00,7673.5,7675.0,7673.5,7673.75,114
2026-08-24 02:36:00-04:00,7673.75,7673.75,7672.75,7673.5,192
2026-08-24 02:37:00-04:00,7675.0,7675.0,7673.5,7673.75,54
2026-08-24 02:38:00-04:00,7675.25,7675.25,7674.5,7674.75,187
2026-08-24 02:39:00-04:00,7674.75,7675.5,7674.75,7675.25,86
2026-08-24 02:40:00-04:00,7674.25,7675.0,7673.0,7675.0,168
2026-08-24 02:41:00-04:00,7671.75,7674.25,7671.75,7674.0,151
2026-08-24 02:42:00-04:00,7671.75,7672.0,7671.0,7671.5,179
2026-08-24 02:43:00-04:00,7671.75,7671.75,7671.25,7671.75,44
2026-08-24 02:44:00-04:00,7671.75,7672.0,7671.25,7671.75,127
2026-08-24 02:45:00-04:00,7671.25,7672.0,7670.25,7671.5,215
2026-08-24 02:46:00-04:00,7671.25,7671.5,7670.75,7671.25,112
2026-08-24 02:47:00-04:00,7671.75,7671.75,7671.0,7671.0,99
2026-08-24 02:48:00-04:00,7672.25,7672.75,7671.5,7671.75,126
2026-08-24 02:49:00-04:00,7672.75,7673.0,7672.25,7672.5,143
2026-08-24 02:50:00-04:00,7673.5,7674.0,7672.5,7673.0,138
2026-08-24 02:51:00-04:00,7673.0,7673.5,7673.0,7673.25,44
2026-08-24 02:52:00-04:00,7674.5,7674.75,7673.0,7673.0,162
2026-08-24 02:53:00-04:00,7674.25,7674.5,7674.0,7674.5,84
2026-08-24 02:54:00-04:00,7674.75,7675.0,7674.0,7674.0,64
2026-08-24 02:55:00-04:00,7675.25,7675.25,7674.5,7674.75,79
2026-08-24 02:56:00-04:00,7674.25,7675.75,7674.25,7675.25,110
2026-08-24 02:57:00-04:00,7674.0,7674.5,7673.75,7674.25,88
2026-08-24 02:58:00-04:00,7674.0,7674.25,7673.25,7674.0,69
2026-08-24 02:59:00-04:00,7673.5,7674.0,7673.25,7674.0,57
2026-08-24 03:00:00-04:00,7675.75,7676.75,7672.5,7673.5,551
2026-08-24 03:01:00-04:00,7672.75,7675.75,7672.0,7675.75,768
2026-08-24 03:02:00-04:00,7672.25,7673.75,7672.25,7672.5,162
2026-08-24 03:03:00-04:00,7673.0,7673.5,7672.25,7672.5,130
2026-08-24 03:04:00-04:00,7674.75,7675.0,7673.0,7673.0,223
2026-08-24 03:05:00-04:00,7674.75,7674.75,7673.5,7674.5,125
2026-08-24 03:06:00-04:00,7675.75,7676.5,7674.75,7674.75,199
2026-08-24 03:07:00-04:00,7677.25,7677.5,7675.75,7676.0,183
2026-08-24 03:08:00-04:00,7677.0,7677.5,7676.75,7677.25,219
2026-08-24 03:09:00-04:00,7677.0,7677.75,7676.75,7677.0,118
2026-08-24 03:10:00-04:00,7676.25,7677.25,7676.0,7677.0,176
2026-08-24 03:11:00-04:00,7677.75,7677.75,7676.25,7676.25,138
2026-08-24 03:12:00-04:00,7677.75,7678.0,7676.75,7677.75,174
2026-08-24 03:13:00-04:00,7677.75,7678.0,7677.25,7677.75,139
2026-08-24 03:14:00-04:00,7677.75,7678.5,7677.75,7678.0,121
2026-08-24 03:15:00-04:00,7678.0,7679.5,7677.75,7678.0,136
2026-08-24 03:16:00-04:00,7676.5,7678.0,7676.0,7678.0,207
2026-08-24 03:17:00-04:00,7676.25,7676.5,7675.5,7676.5,92
2026-08-24 03:18:00-04:00,7675.5,7676.25,7675.25,7676.25,101
2026-08-24 03:19:00-04:00,7676.75,7677.5,7675.5,7675.5,137
2026-08-24 03:20:00-04:00,7676.0,7676.75,7675.5,7676.75,118
2026-08-24 03:21:00-04:00,7676.0,7676.25,7675.75,7676.25,77
2026-08-24 03:22:00-04:00,7676.5,7676.5,7675.5,7675.75,138
2026-08-24 03:23:00-04:00,7675.75,7676.5,7675.5,7676.5,64
2026-08-24 03:24:00-04:00,7676.25,7676.25,7674.75,7675.75,98
2026-08-24 03:25:00-04:00,7677.5,7677.5,7675.75,7676.25,141
2026-08-24 03:26:00-04:00,7676.25,7678.0,7676.0,7677.5,164
2026-08-24 03:27:00-04:00,7676.75,7676.75,7676.0,7676.0,85
2026-08-24 03:28:00-04:00,7675.75,7677.0,7675.75,7676.75,198
2026-08-24 03:29:00-04:00,7675.0,7675.75,7674.75,7675.5,112
2026-08-24 03:30:00-04:00,7675.5,7676.25,7673.5,7674.75,335
2026-08-24 03:31:00-04:00,7675.5,7675.75,7674.75,7675.75,137
2026-08-24 03:32:00-04:00,7677.25,7677.25,7675.25,7675.5,110
2026-08-24 03:33:00-04:00,7677.5,7677.75,7677.0,7677.25,73
2026-08-24 03:34:00-04:00,7678.25,7678.25,7677.5,7677.75,103
2026-08-24 03:35:00-04:00,7679.25,7679.25,7678.25,7678.25,93
2026-08-24 03:36:00-04:00,7678.75,7679.25,7678.75,7679.25,73
2026-08-24 03:37:00-04:00,7678.5,7678.75,7678.25,7678.75,57
2026-08-24 03:38:00-04:00,7677.75,7678.5,7677.75,7678.5,70
2026-08-24 03:39:00-04:00,7677.0,7677.5,7677.0,7677.5,34
2026-08-24 03:40:00-04:00,7675.5,7676.75,7675.25,7676.75,106
2026-08-24 03:41:00-04:00,7674.25,7675.5,7673.25,7675.5,218
2026-08-24 03:42:00-04:00,7673.75,7675.0,7673.5,7674.5,145
2026-08-24 03:43:00-04:00,7673.0,7674.25,7672.75,7674.0,161
2026-08-24 03:44:00-04:00,7672.5,7673.75,7672.5,7673.0,280
2026-08-24 03:45:00-04:00,7674.0,7674.25,7672.5,7672.5,227
2026-08-24 03:46:00-04:00,7674.0,7674.5,7673.75,7674.0,108
2026-08-24 03:47:00-04:00,7673.5,7674.75,7673.25,7674.0,156
2026-08-24 03:48:00-04:00,7673.5,7674.0,7672.5,7673.5,94
2026-08-24 03:49:00-04:00,7672.5,7673.75,7672.5,7673.25,175
2026-08-24 03:50:00-04:00,7673.0,7673.0,7672.5,7672.5,87
2026-08-24 03:51:00-04:00,7673.25,7673.5,7672.75,7672.75,89
2026-08-24 03:52:00-04:00,7671.75,7673.25,7671.0,7673.25,200
2026-08-24 03:53:00-04:00,7671.25,7671.75,7670.75,7671.75,283
2026-08-24 03:54:00-04:00,7672.0,7672.25,7671.0,7671.25,262
2026-08-24 03:55:00-04:00,7671.75,7672.0,7671.0,7671.75,116
2026-08-24 03:56:00-04:00,7670.75,7671.5,7670.5,7671.5,243
2026-08-24 03:57:00-04:00,7670.75,7671.25,7670.5,7671.0,148
2026-08-24 03:58:00-04:00,7671.25,7672.25,7670.75,7671.0,94
2026-08-24 03:59:00-04:00,7671.0,7671.75,7670.75,7671.0,88
2026-08-24 04:00:00-04:00,7671.75,7672.75,7670.25,7671.0,363
2026-08-24 04:01:00-04:00,7670.5,7672.0,7668.75,7671.75,427
2026-08-24 04:02:00-04:00,7670.5,7671.0,7669.5,7670.5,228
2026-08-24 04:03:00-04:00,7671.0,7672.0,7669.5,7670.5,254
2026-08-24 04:04:00-04:00,7670.0,7671.5,7669.5,7670.75,244
2026-08-24 04:05:00-04:00,7672.75,7673.0,7670.25,7670.25,295
2026-08-24 04:06:00-04:00,7673.5,7674.25,7672.0,7672.75,730
2026-08-24 04:07:00-04:00,7675.25,7681.5,7673.25,7673.25,1711
2026-08-24 04:08:00-04:00,7674.5,7676.5,7674.5,7675.25,297
2026-08-24 04:09:00-04:00,7673.0,7674.75,7673.0,7674.5,250
2026-08-24 04:10:00-04:00,7674.75,7674.75,7673.5,7673.5,107
2026-08-24 04:11:00-04:00,7674.75,7675.25,7674.25,7674.5,103
2026-08-24 04:12:00-04:00,7675.0,7675.5,7674.0,7674.25,113
2026-08-24 04:13:00-04:00,7675.0,7675.25,7674.0,7674.75,113
2026-08-24 04:14:00-04:00,7675.75,7676.25,7675.0,7675.0,156
2026-08-24 04:15:00-04:00,7675.25,7676.25,7675.0,7675.5,136
2026-08-24 04:16:00-04:00,7674.5,7675.5,7674.25,7675.25,179
2026-08-24 04:17:00-04:00,7674.75,7675.0,7674.25,7674.5,85
2026-08-24 04:18:00-04:00,7678.0,7678.25,7674.75,7674.75,227
2026-08-24 04:19:00-04:00,7678.75,7679.5,7678.0,7678.0,269
2026-08-24 04:20:00-04:00,7678.25,7679.25,7678.25,7678.75,90
2026-08-24 04:21:00-04:00,7677.75,7678.25,7677.0,7678.0,127
2026-08-24 04:22:00-04:00,7678.0,7678.25,7677.75,7678.0,64
2026-08-24 04:23:00-04:00,7676.75,7677.75,7676.0,7677.75,69
2026-08-24 04:24:00-04:00,7677.0,7677.25,7676.25,7676.25,173
2026-08-24 04:25:00-04:00,7675.5,7677.25,7675.0,7677.25,207
2026-08-24 04:26:00-04:00,7675.25,7675.75,7674.75,7675.25,105
2026-08-24 04:27:00-04:00,7677.0,7677.0,7675.25,7675.25,125
2026-08-24 04:28:00-04:00,7678.0,7678.0,7676.5,7677.0,221
2026-08-24 04:29:00-04:00,7677.25,7678.75,7677.25,7678.0,252
2026-08-24 04:30:00-04:00,7677.5,7678.0,7677.25,7677.25,84
2026-08-24 04:31:00-04:00,7677.5,7678.25,7676.5,7678.0,78
2026-08-24 04:32:00-04:00,7679.0,7679.25,7677.5,7677.5,90
2026-08-24 04:33:00-04:00,7678.25,7679.0,7677.25,7679.0,71
2026-08-24 04:34:00-04:00,7678.25,7678.5,7678.0,7678.0,59
2026-08-24 04:35:00-04:00,7678.75,7678.75,7678.25,7678.25,61
2026-08-24 04:36:00-04:00,7679.75,7679.75,7678.25,7678.5,71
2026-08-24 04:37:00-04:00,7679.0,7679.75,7678.5,7679.75,88
2026-08-24 04:38:00-04:00,7680.0,7680.25,7678.5,7678.75,71
2026-08-24 04:39:00-04:00,7682.0,7682.25,7679.75,7680.0,294
2026-08-24 04:40:00-04:00,7681.0,7682.25,7680.5,7682.0,103
2026-08-24 04:41:00-04:00,7681.75,7681.75,7681.0,7681.0,108
2026-08-24 04:42:00-04:00,7682.0,7682.25,7681.0,7681.5,104
2026-08-24 04:43:00-04:00,7682.5,7683.0,7682.25,7682.25,182
2026-08-24 04:44:00-04:00,7682.5,7682.75,7681.75,7682.5,110
2026-08-24 04:45:00-04:00,7682.75,7683.0,7682.0,7682.25,81
2026-08-24 04:46:00-04:00,7682.5,7682.5,7681.75,7682.5,101
2026-08-24 04:47:00-04:00,7682.25,7682.75,7681.75,7682.75,120
2026-08-24 04:48:00-04:00,7682.25,7682.25,7682.0,7682.25,23
2026-08-24 04:49:00-04:00,7681.5,7682.5,7681.25,7682.5,104
2026-08-24 04:50:00-04:00,7682.25,7682.25,7681.5,7681.5,156
2026-08-24 04:51:00-04:00,7682.25,7682.75,7681.75,7682.0,78
2026-08-24 04:52:00-04:00,7683.75,7684.0,7682.5,7682.5,185
2026-08-24 04:53:00-04:00,7683.25,7683.5,7683.0,7683.5,100
2026-08-24 04:54:00-04:00,7683.25,7683.25,7682.75,7683.0,61
2026-08-24 04:55:00-04:00,7683.25,7683.25,7682.75,7683.25,77
2026-08-24 04:56:00-04:00,7682.5,7683.25,7682.5,7683.0,49
2026-08-24 04:57:00-04:00,7682.75,7683.0,7682.25,7682.5,62
2026-08-24 04:58:00-04:00,7682.25,7682.75,7682.25,7682.5,34
2026-08-24 04:59:00-04:00,7680.5,7682.5,7680.5,7682.5,99
2026-08-24 05:00:00-04:00,7679.25,7680.75,7678.75,7680.5,179
2026-08-24 05:01:00-04:00,7680.0,7680.75,7679.25,7679.25,90
2026-08-24 05:02:00-04:00,7679.5,7680.75,7679.5,7680.0,91
2026-08-24 05:03:00-04:00,7682.25,7683.0,7679.5,7679.5,251
2026-08-24 05:04:00-04:00,7683.75,7684.5,7682.5,7682.5,236
2026-08-24 05:05:00-04:00,7682.5,7683.75,7682.25,7683.75,171
2026-08-24 05:06:00-04:00,7683.0,7683.25,7682.5,7682.5,109
2026-08-24 05:07:00-04:00,7683.0,7684.0,7682.75,7683.0,185
2026-08-24 05:08:00-04:00,7683.0,7683.0,7682.75,7683.0,56
2026-08-24 05:09:00-04:00,7683.25,7683.25,7683.0,7683.0,82
2026-08-24 05:10:00-04:00,7683.5,7684.0,7683.0,7683.25,197
2026-08-24 05:11:00-04:00,7682.5,7683.75,7682.5,7683.25,122
2026-08-24 05:12:00-04:00,7682.5,7683.25,7682.5,7682.5,148
2026-08-24 05:13:00-04:00,7682.25,7682.5,7682.0,7682.5,104
2026-08-24 05:14:00-04:00,7682.0,7682.5,7682.0,7682.25,67
2026-08-24 05:15:00-04:00,7682.0,7682.5,7681.75,7682.25,128
2026-08-24 05:16:00-04:00,7681.5,7682.25,7681.5,7682.25,82
2026-08-24 05:17:00-04:00,7681.5,7682.0,7681.5,7681.75,138
2026-08-24 05:18:00-04:00,7680.75,7681.5,7680.5,7681.5,130
2026-08-24 05:19:00-04:00,7679.75,7681.0,7679.5,7680.75,177
2026-08-24 05:20:00-04:00,7679.75,7680.0,7679.5,7679.75,175
2026-08-24 05:21:00-04:00,7679.75,7680.0,7679.0,7679.75,212
2026-08-24 05:22:00-04:00,7679.25,7679.75,7679.25,7679.5,172
2026-08-24 05:23:00-04:00,7678.75,7679.25,7678.25,7679.25,176
2026-08-24 05:24:00-04:00,7679.75,7680.0,7679.0,7679.0,231
2026-08-24 05:25:00-04:00,7678.75,7679.5,7678.25,7679.5,128
2026-08-24 05:26:00-04:00,7678.5,7678.75,7677.75,7678.5,69
2026-08-24 05:27:00-04:00,7678.5,7678.75,7678.25,7678.5,79
2026-08-24 05:28:00-04:00,7678.25,7678.5,7678.0,7678.25,66
2026-08-24 05:29:00-04:00,7678.5,7678.75,7678.25,7678.25,93
2026-08-24 05:30:00-04:00,7679.25,7679.75,7678.25,7678.25,151
2026-08-24 05:31:00-04:00,7679.0,7679.25,7678.75,7679.25,52
2026-08-24 05:32:00-04:00,7679.25,7679.75,7678.5,7678.75,173
2026-08-24 05:33:00-04:00,7679.5,7679.5,7678.5,7679.25,129
2026-08-24 05:34:00-04:00,7679.5,7679.5,7679.0,7679.25,44
2026-08-24 05:35:00-04:00,7680.5,7680.5,7679.5,7679.75,144
2026-08-24 05:36:00-04:00,7681.25,7681.5,7680.25,7680.25,110
2026-08-24 05:37:00-04:00,7681.75,7681.75,7681.25,7681.25,113
2026-08-24 05:38:00-04:00,7681.25,7681.75,7680.75,7681.75,135
2026-08-24 05:39:00-04:00,7681.25,7681.25,7680.5,7681.0,63
2026-08-24 05:40:00-04:00,7679.5,7681.25,7679.5,7681.0,108
2026-08-24 05:41:00-04:00,7680.25,7681.0,7679.75,7679.75,134
2026-08-24 05:42:00-04:00,7680.25,7680.75,7680.0,7680.25,69
2026-08-24 05:43:00-04:00,7680.5,7680.75,7680.5,7680.5,66
2026-08-24 05:44:00-04:00,7680.75,7681.0,7680.5,7680.5,111
2026-08-24 05:45:00-04:00,7680.5,7681.5,7680.5,7681.0,131
2026-08-24 05:46:00-04:00,7681.25,7681.5,7680.25,7680.25,94
2026-08-24 05:47:00-04:00,7682.5,7682.5,7681.25,7681.25,107
2026-08-24 05:48:00-04:00,7681.25,7682.5,7681.0,7682.5,368
2026-08-24 05:49:00-04:00,7682.25,7682.5,7681.25,7681.5,136
2026-08-24 05:50:00-04:00,7681.5,7682.5,7681.25,7682.25,98
2026-08-24 05:51:00-04:00,7680.5,7681.5,7680.25,7681.5,119
2026-08-24 05:52:00-04:00,7680.5,7680.75,7680.25,7680.25,51
2026-08-24 05:53:00-04:00,7680.0,7680.5,7679.75,7680.5,118
2026-08-24 05:54:00-04:00,7680.25,7680.25,7679.75,7680.25,135
2026-08-24 05:55:00-04:00,7680.75,7680.75,7680.25,7680.5,64
2026-08-24 05:56:00-04:00,7679.75,7681.0,7679.75,7680.75,148
2026-08-24 05:57:00-04:00,7680.25,7680.25,7680.0,7680.0,90
2026-08-24 05:58:00-04:00,7680.25,7680.25,7680.0,7680.25,60
2026-08-24 05:59:00-04:00,7680.5,7680.5,7680.0,7680.5,120
2026-08-24 06:00:00-04:00,7680.75,7681.0,7680.0,7680.5,259
2026-08-24 06:01:00-04:00,7680.5,7681.0,7680.5,7680.75,64
2026-08-24 06:02:00-04:00,7680.5,7681.0,7680.0,7680.5,137
2026-08-24 06:03:00-04:00,7681.25,7681.5,7680.5,7680.75,129
2026-08-24 06:04:00-04:00,7681.5,7681.75,7681.25,7681.25,156
2026-08-24 06:05:00-04:00,7681.0,7682.0,7681.0,7681.75,137
2026-08-24 06:06:00-04:00,7680.25,7681.0,7680.25,7680.75,178
2026-08-24 06:07:00-04:00,7681.5,7681.5,7680.25,7680.25,164
2026-08-24 06:08:00-04:00,7680.75,7681.75,7680.5,7681.75,155
2026-08-24 06:09:00-04:00,7679.75,7680.75,7679.75,7680.75,173
2026-08-24 06:10:00-04:00,7679.75,7680.25,7679.75,7680.0,117
2026-08-24 06:11:00-04:00,7679.5,7680.0,7679.0,7679.5,166
2026-08-24 06:12:00-04:00,7678.0,7679.5,7678.0,7679.5,184
2026-08-24 06:13:00-04:00,7677.5,7678.25,7676.75,7678.25,303
2026-08-24 06:14:00-04:00,7677.0,7677.75,7677.0,7677.5,137
2026-08-24 06:15:00-04:00,7677.0,7677.25,7676.75,7677.0,182
2026-08-24 06:16:00-04:00,7676.75,7677.25,7676.75,7677.0,131
2026-08-24 06:17:00-04:00,7677.0,7677.25,7677.0,7677.0,104
2026-08-24 06:18:00-04:00,7677.25,7677.5,7676.75,7676.75,80
2026-08-24 06:19:00-04:00,7676.75,7677.25,7676.75,7677.25,120
2026-08-24 06:20:00-04:00,7675.75,7676.75,7675.25,7676.5,297
2026-08-24 06:21:00-04:00,7676.25,7676.5,7675.75,7675.75,139
2026-08-24 06:22:00-04:00,7676.5,7677.0,7676.25,7676.5,127
2026-08-24 06:23:00-04:00,7678.25,7678.25,7676.75,7676.75,116
2026-08-24 06:24:00-04:00,7679.5,7680.0,7678.0,7678.25,241
2026-08-24 06:25:00-04:00,7678.25,7679.5,7678.25,7679.5,130
2026-08-24 06:26:00-04:00,7677.75,7678.5,7677.75,7678.0,98
2026-08-24 06:27:00-04:00,7676.25,7678.25,7676.0,7677.75,85
2026-08-24 06:28:00-04:00,7677.0,7677.75,7676.5,7676.5,171
2026-08-24 06:29:00-04:00,7676.0,7677.25,7675.75,7677.0,102
2026-08-24 06:30:00-04:00,7675.75,7676.5,7675.75,7676.0,222
2026-08-24 06:31:00-04:00,7676.75,7677.0,7675.75,7675.75,183
2026-08-24 06:32:00-04:00,7678.5,7678.5,7677.0,7677.0,141
2026-08-24 06:33:00-04:00,7678.75,7679.0,7678.0,7678.5,275
2026-08-24 06:34:00-04:00,7679.5,7680.25,7678.5,7678.75,172
2026-08-24 06:35:00-04:00,7679.0,7679.75,7679.0,7679.5,105
2026-08-24 06:36:00-04:00,7679.25,7679.25,7678.75,7679.0,101
2026-08-24 06:37:00-04:00,7678.0,7679.0,7677.75,7679.0,112
2026-08-24 06:38:00-04:00,7678.25,7678.5,7678.0,7678.0,82
2026-08-24 06:39:00-04:00,7677.0,7678.5,7677.0,7678.5,141
2026-08-24 06:40:00-04:00,7676.0,7677.0,7675.75,7677.0,137
2026-08-24 06:41:00-04:00,7674.75,7676.0,7674.75,7676.0,145
2026-08-24 06:42:00-04:00,7674.75,7675.0,7674.25,7674.75,91
2026-08-24 06:43:00-04:00,7674.75,7675.0,7674.25,7674.75,119
2026-08-24 06:44:00-04:00,7674.5,7674.75,7673.5,7674.5,263
2026-08-24 06:45:00-04:00,7673.25,7674.75,7673.25,7674.5,162
2026-08-24 06:46:00-04:00,7673.0,7674.25,7672.75,7673.25,142
2026-08-24 06:47:00-04:00,7672.25,7673.0,7672.25,7673.0,136
2026-08-24 06:48:00-04:00,7673.0,7673.0,7672.0,7672.5,207
2026-08-24 06:49:00-04:00,7672.75,7673.0,7672.5,7673.0,171
2026-08-24 06:50:00-04:00,7671.75,7672.75,7671.5,7672.75,252
2026-08-24 06:51:00-04:00,7670.25,7671.75,7670.25,7671.75,199
2026-08-24 06:52:00-04:00,7670.75,7670.75,7669.75,7670.0,215
2026-08-24 06:53:00-04:00,7670.75,7671.25,7670.5,7670.75,245
2026-08-24 06:54:00-04:00,7670.75,7670.75,7670.25,7670.75,79
2026-08-24 06:55:00-04:00,7670.75,7671.25,7670.5,7670.75,147
2026-08-24 06:56:00-04:00,7670.5,7671.5,7670.0,7670.75,276
2026-08-24 06:57:00-04:00,7670.75,7670.75,7670.25,7670.5,92
2026-08-24 06:58:00-04:00,7670.25,7670.75,7670.0,7670.75,92
2026-08-24 06:59:00-04:00,7670.5,7670.75,7670.0,7670.25,146
2026-08-24 07:00:00-04:00,7668.5,7671.5,7667.75,7670.5,967
2026-08-24 07:01:00-04:00,7667.5,7668.5,7667.0,7668.5,248
2026-08-24 07:02:00-04:00,7668.0,7668.5,7666.5,7667.25,293
2026-08-24 07:03:00-04:00,7667.25,7668.25,7666.25,7668.25,173
2026-08-24 07:04:00-04:00,7666.75,7667.0,7666.5,7667.0,91
2026-08-24 07:05:00-04:00,7666.0,7666.75,7665.5,7666.75,215
2026-08-24 07:06:00-04:00,7666.5,7666.75,7666.0,7666.0,181
2026-08-24 07:07:00-04:00,7664.5,7666.5,7664.5,7666.5,476
2026-08-24 07:08:00-04:00,7665.75,7667.75,7664.75,7664.75,420
2026-08-24 07:09:00-04:00,7667.0,7667.5,7665.25,7665.75,188
2026-08-24 07:10:00-04:00,7667.5,7668.0,7666.75,7667.0,215
2026-08-24 07:11:00-04:00,7667.25,7667.5,7665.5,7667.5,313
2026-08-24 07:12:00-04:00,7667.0,7668.0,7667.0,7667.25,312
2026-08-24 07:13:00-04:00,7668.0,7668.25,7667.25,7667.25,185
2026-08-24 07:14:00-04:00,7667.75,7668.0,7667.0,7668.0,163
2026-08-24 07:15:00-04:00,7668.0,7668.5,7667.25,7667.5,364
2026-08-24 07:16:00-04:00,7668.25,7668.5,7668.0,7668.0,110
2026-08-24 07:17:00-04:00,7669.0,7669.25,7668.0,7668.25,156
2026-08-24 07:18:00-04:00,7669.0,7669.25,7668.0,7668.75,231
2026-08-24 07:19:00-04:00,7668.75,7669.25,7668.25,7669.0,154
2026-08-24 07:20:00-04:00,7668.25,7669.25,7668.25,7668.75,270
2026-08-24 07:21:00-04:00,7668.5,7668.75,7667.75,7668.25,205
2026-08-24 07:22:00-04:00,7669.25,7669.25,7668.5,7668.5,264
2026-08-24 07:23:00-04:00,7669.25,7669.25,7668.25,7669.0,147
2026-08-24 07:24:00-04:00,7669.5,7669.75,7668.25,7669.0,256
2026-08-24 07:25:00-04:00,7671.0,7672.0,7669.5,7669.5,405
2026-08-24 07:26:00-04:00,7671.0,7671.5,7670.75,7670.75,89
2026-08-24 07:27:00-04:00,7670.0,7670.75,7669.25,7670.75,162
2026-08-24 07:28:00-04:00,7670.25,7670.25,7669.75,7669.75,106
2026-08-24 07:29:00-04:00,7670.25,7670.25,7669.5,7670.25,156
2026-08-24 07:30:00-04:00,7673.25,7673.25,7670.25,7670.25,302
2026-08-24 07:31:00-04:00,7674.0,7675.5,7673.0,7673.25,488
2026-08-24 07:32:00-04:00,7675.25,7677.5,7673.25,7674.0,1232
2026-08-24 07:33:00-04:00,7675.5,7675.75,7674.75,7675.25,128
2026-08-24 07:34:00-04:00,7677.5,7677.5,7675.0,7675.25,195
2026-08-24 07:35:00-04:00,7679.75,7681.5,7676.5,7677.25,1478
2026-08-24 07:36:00-04:00,7682.75,7683.25,7678.25,7679.75,1004
2026-08-24 07:37:00-04:00,7682.75,7684.25,7681.75,7682.75,701
2026-08-24 07:38:00-04:00,7683.0,7686.5,7681.75,7683.0,1528
2026-08-24 07:39:00-04:00,7682.25,7684.0,7682.0,7683.0,548
2026-08-24 07:40:00-04:00,7684.0,7685.0,7682.0,7682.5,557
2026-08-24 07:41:00-04:00,7682.75,7684.0,7682.5,7684.0,196
2026-08-24 07:42:00-04:00,7683.0,7683.75,7682.5,7683.0,162
2026-08-24 07:43:00-04:00,7681.0,7683.25,7680.5,7682.75,298
2026-08-24 07:44:00-04:00,7681.25,7681.5,7680.5,7680.75,323
2026-08-24 07:45:00-04:00,7678.5,7681.25,7678.5,7681.25,533
2026-08-24 07:46:00-04:00,7679.0,7681.25,7678.5,7678.5,1007
2026-08-24 07:47:00-04:00,7679.75,7680.0,7679.0,7679.25,164
2026-08-24 07:48:00-04:00,7678.5,7680.25,7678.5,7679.75,202
2026-08-24 07:49:00-04:00,7677.75,7678.5,7676.25,7678.25,314
2026-08-24 07:50:00-04:00,7678.5,7679.0,7677.75,7677.75,185
2026-08-24 07:51:00-04:00,7678.25,7678.5,7677.75,7678.25,141
2026-08-24 07:52:00-04:00,7679.75,7679.75,7678.0,7678.5,312
2026-08-24 07:53:00-04:00,7679.75,7680.25,7679.25,7679.75,119
2026-08-24 07:54:00-04:00,7680.0,7680.0,7678.75,7679.5,159
2026-08-24 07:55:00-04:00,7680.25,7680.5,7679.5,7679.75,382
2026-08-24 07:56:00-04:00,7679.25,7680.5,7679.0,7680.25,221
2026-08-24 07:57:00-04:00,7678.5,7679.5,7678.0,7679.5,315
2026-08-24 07:58:00-04:00,7679.75,7680.0,7678.5,7678.75,263
2026-08-24 07:59:00-04:00,7679.75,7680.0,7679.5,7679.5,168
2026-08-24 08:00:00-04:00,7678.5,7680.0,7678.5,7680.0,573
2026-08-24 08:01:00-04:00,7677.75,7679.0,7677.75,7678.75,189
2026-08-24 08:02:00-04:00,7677.75,7678.25,7677.25,7677.75,193
2026-08-24 08:03:00-04:00,7677.0,7677.75,7676.5,7677.5,149
2026-08-24 08:04:00-04:00,7676.75,7677.5,7676.25,7676.5,146
2026-08-24 08:05:00-04:00,7677.0,7677.5,7676.5,7676.75,136
2026-08-24 08:06:00-04:00,7677.75,7679.0,7676.5,7677.0,241
2026-08-24 08:07:00-04:00,7677.0,7677.5,7676.25,7677.5,334
2026-08-24 08:08:00-04:00,7676.25,7677.0,7676.25,7677.0,130
2026-08-24 08:09:00-04:00,7677.0,7677.0,7676.25,7676.5,163
2026-08-24 08:10:00-04:00,7677.5,7677.5,7676.25,7677.0,113
2026-08-24 08:11:00-04:00,7676.5,7677.75,7675.75,7677.75,279
2026-08-24 08:12:00-04:00,7676.5,7677.0,7676.5,7676.75,144
2026-08-24 08:13:00-04:00,7678.25,7678.25,7676.5,7676.75,428
2026-08-24 08:14:00-04:00,7677.0,7678.0,7677.0,7678.0,350
2026-08-24 08:15:00-04:00,7676.5,7678.5,7676.25,7677.0,282
2026-08-24 08:16:00-04:00,7677.25,7677.75,7676.25,7676.25,162
2026-08-24 08:17:00-04:00,7677.25,7677.5,7677.0,7677.5,93
2026-08-24 08:18:00-04:00,7675.75,7677.5,7675.75,7677.25,147
2026-08-24 08:19:00-04:00,7677.25,7677.75,7676.0,7676.0,185
2026-08-24 08:20:00-04:00,7678.25,7679.0,7677.25,7677.5,270
2026-08-24 08:21:00-04:00,7678.75,7679.5,7677.75,7678.25,679
2026-08-24 08:22:00-04:00,7679.5,7680.0,7678.5,7678.75,168
2026-08-24 08:23:00-04:00,7679.75,7680.75,7679.25,7679.5,215
2026-08-24 08:24:00-04:00,7680.25,7681.0,7679.75,7680.0,129
2026-08-24 08:25:00-04:00,7680.5,7680.5,7679.75,7680.25,151
2026-08-24 08:26:00-04:00,7680.25,7681.0,7678.75,7680.5,216
2026-08-24 08:27:00-04:00,7680.25,7681.25,7680.0,7680.0,136
2026-08-24 08:28:00-04:00,7681.0,7681.0,7680.25,7680.25,77
2026-08-24 08:29:00-04:00,7680.75,7681.25,7680.75,7681.0,125
2026-08-24 08:30:00-04:00,7680.5,7681.25,7680.5,7680.75,169
2026-08-24 08:31:00-04:00,7679.5,7680.75,7679.5,7680.75,228
2026-08-24 08:32:00-04:00,7671.0,7680.0,7669.25,7679.5,3333
2026-08-24 08:33:00-04:00,7675.5,7677.75,7669.25,7671.25,2230
2026-08-24 08:34:00-04:00,7675.75,7676.25,7673.75,7675.75,605
2026-08-24 08:35:00-04:00,7676.5,7676.75,7675.0,7675.5,191
2026-08-24 08:36:00-04:00,7675.5,7676.5,7675.5,7676.5,142
2026-08-24 08:37:00-04:00,7675.75,7676.0,7675.25,7675.75,113
2026-08-24 08:38:00-04:00,7677.75,7678.5,7676.0,7676.0,461
2026-08-24 08:39:00-04:00,7676.75,7679.5,7675.75,7678.0,926
2026-08-24 08:40:00-04:00,7677.0,7677.5,7676.5,7676.75,154
2026-08-24 08:41:00-04:00,7677.25,7682.5,7674.5,7677.0,1653
2026-08-24 08:42:00-04:00,7677.25,7678.5,7676.5,7677.0,635
2026-08-24 08:43:00-04:00,7675.5,7677.25,7675.25,7677.25,188
2026-08-24 08:44:00-04:00,7676.25,7676.5,7675.25,7675.5,137
2026-08-24 08:45:00-04:00,7676.25,7677.75,7676.0,7676.25,311
2026-08-24 08:46:00-04:00,7676.0,7677.75,7676.0,7676.25,239
2026-08-24 08:47:00-04:00,7677.25,7677.75,7675.25,7675.75,321
2026-08-24 08:48:00-04:00,7678.5,7678.75,7677.25,7677.25,148
2026-08-24 08:49:00-04:00,7678.25,7678.75,7678.25,7678.75,196
2026-08-24 08:50:00-04:00,7679.0,7679.5,7678.0,7678.25,182
2026-08-24 08:51:00-04:00,7677.5,7679.5,7677.5,7679.25,150
2026-08-24 08:52:00-04:00,7678.0,7678.0,7677.25,7677.75,91
2026-08-24 08:53:00-04:00,7678.0,7678.0,7677.5,7677.75,86
2026-08-24 08:54:00-04:00,7678.0,7678.0,7677.25,7677.75,72
2026-08-24 08:55:00-04:00,7678.5,7679.25,7678.0,7678.0,158
2026-08-24 08:56:00-04:00,7678.5,7678.75,7677.75,7678.5,132
2026-08-24 08:57:00-04:00,7678.5,7678.75,7677.75,7678.5,119
2026-08-24 08:58:00-04:00,7678.0,7679.0,7677.5,7678.25,174
2026-08-24 08:59:00-04:00,7678.0,7678.0,7677.5,7677.75,195
2026-08-24 09:00:00-04:00,7679.75,7679.75,7677.75,7678.0,375
2026-08-24 09:01:00-04:00,7679.0,7679.75,7678.5,7679.5,432
2026-08-24 09:02:00-04:00,7679.25,7679.5,7678.5,7678.75,217
2026-08-24 09:03:00-04:00,7678.75,7679.25,7677.75,7679.25,205
2026-08-24 09:04:00-04:00,7679.25,7679.75,7678.75,7678.75,192
2026-08-24 09:05:00-04:00,7678.5,7679.75,7678.5,7679.25,246
2026-08-24 09:06:00-04:00,7678.25,7679.75,7678.0,7678.75,306
2026-08-24 09:07:00-04:00,7678.5,7678.5,7676.75,7678.25,386
2026-08-24 09:08:00-04:00,7679.0,7679.75,7678.0,7678.25,319
2026-08-24 09:09:00-04:00,7678.25,7679.0,7677.5,7679.0,317
2026-08-24 09:10:00-04:00,7678.25,7678.5,7677.5,7678.0,307
2026-08-24 09:11:00-04:00,7679.25,7679.5,7678.25,7678.25,313
2026-08-24 09:12:00-04:00,7677.0,7679.0,7676.75,7679.0,381
2026-08-24 09:13:00-04:00,7677.25,7677.75,7677.0,7677.25,230
2026-08-24 09:14:00-04:00,7677.0,7679.0,7677.0,7677.5,363
2026-08-24 09:15:00-04:00,7677.0,7678.25,7676.0,7677.25,481
2026-08-24 09:16:00-04:00,7678.75,7679.25,7676.5,7676.75,391
2026-08-24 09:17:00-04:00,7678.25,7679.75,7678.25,7678.75,907
2026-08-24 09:18:00-04:00,7679.5,7679.5,7678.25,7678.25,364
2026-08-24 09:19:00-04:00,7676.5,7679.75,7676.5,7679.75,383
2026-08-24 09:20:00-04:00,7678.5,7678.75,7676.25,7676.5,491
2026-08-24 09:21:00-04:00,7678.5,7679.25,7678.25,7678.5,498
2026-08-24 09:22:00-04:00,7678.25,7679.0,7678.25,7678.5,292
2026-08-24 09:23:00-04:00,7677.5,7678.25,7676.75,7678.25,401
2026-08-24 09:24:00-04:00,7677.0,7677.75,7677.0,7677.5,215
2026-08-24 09:25:00-04:00,7676.5,7677.25,7676.0,7677.0,811
2026-08-24 09:26:00-04:00,7676.5,7678.0,7676.0,7676.25,543
2026-08-24 09:27:00-04:00,7679.0,7679.25,7676.25,7676.75,1399
2026-08-24 09:28:00-04:00,7681.75,7681.75,7679.0,7679.0,2048
2026-08-24 09:29:00-04:00,7681.75,7681.75,7679.5,7681.75,1407
2026-08-24 09:30:00-04:00,7671.5,7682.75,7671.25,7681.75,13337
2026-08-24 09:31:00-04:00,7676.0,7676.75,7669.0,7671.5,8180
2026-08-24 09:32:00-04:00,7670.75,7676.25,7670.25,7676.0,4847
2026-08-24 09:33:00-04:00,7668.5,7671.0,7666.25,7671.0,4977
2026-08-24 09:34:00-04:00,7669.25,7670.0,7667.5,7668.5,4324
2026-08-24 09:35:00-04:00,7670.75,7671.75,7665.75,7669.25,6017
2026-08-24 09:36:00-04:00,7672.0,7672.75,7668.5,7670.75,3702
2026-08-24 09:37:00-04:00,7669.25,7672.5,7669.25,7672.25,2609
2026-08-24 09:38:00-04:00,7666.75,7671.25,7664.75,7669.5,6795
2026-08-24 09:39:00-04:00,7668.0,7668.75,7665.75,7666.5,4079
2026-08-24 09:40:00-04:00,7669.75,7670.0,7665.25,7668.25,4902
2026-08-24 09:41:00-04:00,7669.75,7672.0,7668.0,7669.75,3941
2026-08-24 09:42:00-04:00,7663.0,7669.5,7663.0,7669.5,4967
2026-08-24 09:43:00-04:00,7662.0,7663.75,7661.5,7663.25,5368
2026-08-24 09:44:00-04:00,7656.0,7662.75,7655.75,7661.75,7218
2026-08-24 09:45:00-04:00,7658.0,7659.5,7655.0,7656.0,6667
2026-08-24 09:46:00-04:00,7664.5,7664.75,7657.75,7658.0,6664
2026-08-24 09:47:00-04:00,7665.75,7668.0,7663.75,7664.5,5159
2026-08-24 09:48:00-04:00,7668.0,7668.0,7665.0,7665.5,3945
2026-08-24 09:49:00-04:00,7665.75,7670.25,7665.0,7667.75,4873
2026-08-24 09:50:00-04:00,7664.25,7666.25,7663.25,7665.75,4451
2026-08-24 09:51:00-04:00,7664.0,7666.75,7663.75,7664.25,3479
2026-08-24 09:52:00-04:00,7662.25,7665.75,7662.0,7664.25,4227
2026-08-24 09:53:00-04:00,7666.25,7666.5,7662.0,7662.0,3180
2026-08-24 09:54:00-04:00,7669.25,7670.0,7665.75,7666.25,3833
2026-08-24 09:55:00-04:00,7668.25,7670.0,7666.75,7669.0,4197
2026-08-24 09:56:00-04:00,7669.5,7671.0,7667.75,7668.25,3642
2026-08-24 09:57:00-04:00,7668.25,7670.5,7667.5,7669.5,2936
2026-08-24 09:58:00-04:00,7670.75,7671.0,7666.75,7668.0,2690
2026-08-24 09:59:00-04:00,7668.5,7671.0,7667.75,7670.75,2408
2026-08-24 10:00:00-04:00,7669.25,7670.25,7666.5,7668.75,5230
2026-08-24 10:01:00-04:00,7672.0,7674.0,7669.0,7669.25,4110
2026-08-24 10:02:00-04:00,7665.0,7672.25,7664.75,7671.75,5462
2026-08-24 10:03:00-04:00,7664.0,7666.0,7663.0,7665.0,3585
2026-08-24 10:04:00-04:00,7664.25,7665.0,7662.25,7664.25,2860
2026-08-24 10:05:00-04:00,7665.75,7666.5,7663.5,7664.25,3074
2026-08-24 10:06:00-04:00,7663.5,7666.0,7662.75,7665.75,2717
2026-08-24 10:07:00-04:00,7663.25,7664.0,7662.5,7663.5,2224
2026-08-24 10:08:00-04:00,7661.75,7663.75,7661.25,7663.25,3731
2026-08-24 10:09:00-04:00,7663.5,7663.75,7660.25,7661.5,2543
2026-08-24 10:10:00-04:00,7663.0,7663.5,7661.5,7663.5,2204
2026-08-24 10:11:00-04:00,7661.25,7664.0,7660.5,7663.0,3132
2026-08-24 10:12:00-04:00,7659.75,7661.5,7659.75,7661.5,2043
2026-08-24 10:13:00-04:00,7661.5,7663.0,7659.5,7659.75,3073
2026-08-24 10:14:00-04:00,7664.25,7664.5,7661.0,7661.75,2361
2026-08-24 10:15:00-04:00,7663.0,7664.75,7661.0,7664.25,2530
2026-08-24 10:16:00-04:00,7663.75,7665.0,7662.75,7663.0,2873
2026-08-24 10:17:00-04:00,7661.5,7664.5,7661.25,7663.75,2820
2026-08-24 10:18:00-04:00,7662.25,7662.75,7660.5,7661.5,1779
2026-08-24 10:19:00-04:00,7663.0,7664.0,7661.5,7662.25,1487
2026-08-24 10:20:00-04:00,7665.25,7666.0,7662.75,7662.75,3274
2026-08-24 10:21:00-04:00,7668.0,7668.25,7665.0,7665.5,3295
2026-08-24 10:22:00-04:00,7668.75,7669.0,7666.75,7668.0,2895
2026-08-24 10:23:00-04:00,7666.0,7669.25,7664.5,7668.5,3586
2026-08-24 10:24:00-04:00,7662.5,7665.75,7662.0,7665.75,2701
2026-08-24 10:25:00-04:00,7661.75,7663.0,7661.5,7662.75,2388
2026-08-24 10:26:00-04:00,7662.25,7663.0,7660.5,7661.75,2614
2026-08-24 10:27:00-04:00,7662.0,7663.0,7661.25,7662.25,2014
2026-08-24 10:28:00-04:00,7665.0,7665.5,7661.25,7662.0,2862
2026-08-24 10:29:00-04:00,7663.25,7665.0,7662.5,7665.0,2042
2026-08-24 10:30:00-04:00,7667.5,7667.75,7661.75,7663.25,2862
2026-08-24 10:31:00-04:00,7668.5,7669.75,7667.0,7667.5,3780
2026-08-24 10:32:00-04:00,7669.25,7670.0,7668.0,7668.25,2406
2026-08-24 10:33:00-04:00,7670.5,7671.75,7669.25,7669.25,2701
2026-08-24 10:34:00-04:00,7670.5,7671.25,7669.75,7670.5,2941
2026-08-24 10:35:00-04:00,7670.5,7671.75,7669.5,7670.5,2506
2026-08-24 10:36:00-04:00,7672.75,7673.0,7670.0,7670.75,2833
2026-08-24 10:37:00-04:00,7671.5,7673.0,7671.0,7672.75,2169
2026-08-24 10:38:00-04:00,7672.25,7673.0,7670.75,7671.5,2059
2026-08-24 10:39:00-04:00,7671.0,7672.5,7670.25,7672.0,1460
2026-08-24 10:40:00-04:00,7672.0,7672.25,7670.0,7671.25,1806
2026-08-24 10:41:00-04:00,7675.0,7675.5,7671.25,7672.0,3258
2026-08-24 10:42:00-04:00,7672.75,7675.25,7672.25,7675.0,2123
2026-08-24 10:43:00-04:00,7669.25,7673.5,7669.25,7672.75,2145
2026-08-24 10:44:00-04:00,7671.25,7672.5,7669.25,7669.5,2098
2026-08-24 10:45:00-04:00,7671.25,7672.25,7669.75,7671.25,2186
2026-08-24 10:46:00-04:00,7670.5,7671.75,7668.75,7671.25,2756
2026-08-24 10:47:00-04:00,7671.5,7672.25,7669.75,7670.5,1354
2026-08-24 10:48:00-04:00,7671.5,7672.5,7670.25,7671.25,1361
2026-08-24 10:49:00-04:00,7673.0,7673.0,7670.75,7671.25,1415
2026-08-24 10:50:00-04:00,7670.0,7673.5,7670.0,7673.0,2050
2026-08-24 10:51:00-04:00,7669.25,7670.0,7668.5,7670.0,1433
2026-08-24 10:52:00-04:00,7669.5,7670.0,7668.25,7669.25,1948
2026-08-24 10:53:00-04:00,7669.5,7670.25,7668.75,7669.5,1335
2026-08-24 10:54:00-04:00,7670.5,7670.75,7669.25,7669.75,1707
2026-08-24 10:55:00-04:00,7670.0,7671.0,7669.5,7670.5,1180
2026-08-24 10:56:00-04:00,7671.5,7672.0,7669.25,7670.0,1844
2026-08-24 10:57:00-04:00,7671.75,7674.0,7671.0,7671.5,2314
2026-08-24 10:58:00-04:00,7671.25,7672.0,7670.25,7671.75,1665
2026-08-24 10:59:00-04:00,7670.75,7671.5,7669.75,7671.5,1357
2026-08-24 11:00:00-04:00,7668.75,7672.5,7668.0,7670.75,2851
2026-08-24 11:01:00-04:00,7666.75,7668.75,7666.5,7668.75,1802
2026-08-24 11:02:00-04:00,7666.75,7667.0,7666.0,7666.75,1729
2026-08-24 11:03:00-04:00,7665.5,7667.25,7665.25,7667.0,1717
2026-08-24 11:04:00-04:00,7664.75,7666.0,7664.25,7665.5,1683
2026-08-24 11:05:00-04:00,7662.75,7664.75,7662.5,7664.5,2505
2026-08-24 11:06:00-04:00,7663.75,7664.0,7662.25,7662.75,1830
2026-08-24 11:07:00-04:00,7663.25,7664.0,7662.5,7663.75,1670
2026-08-24 11:08:00-04:00,7663.0,7663.5,7661.75,7663.5,1717
2026-08-24 11:09:00-04:00,7663.75,7665.0,7662.5,7663.0,2096
2026-08-24 11:10:00-04:00,7663.25,7664.25,7662.0,7663.75,1655
2026-08-24 11:11:00-04:00,7663.25,7663.75,7662.25,7663.25,1422
2026-08-24 11:12:00-04:00,7663.5,7664.0,7662.75,7663.5,1107
2026-08-24 11:13:00-04:00,7663.0,7666.0,7663.0,7663.5,1979
2026-08-24 11:14:00-04:00,7661.25,7663.0,7660.75,7663.0,1760
2026-08-24 11:15:00-04:00,7660.75,7661.75,7660.25,7661.25,1830
2026-08-24 11:16:00-04:00,7660.5,7661.75,7660.25,7660.5,1481
2026-08-24 11:17:00-04:00,7661.5,7661.75,7660.25,7660.5,1117
2026-08-24 11:18:00-04:00,7661.5,7662.0,7660.5,7661.25,1141
2026-08-24 11:19:00-04:00,7661.0,7662.5,7660.75,7661.5,878
2026-08-24 11:20:00-04:00,7659.5,7661.0,7658.25,7660.75,3245
2026-08-24 11:21:00-04:00,7660.25,7660.25,7657.75,7659.5,2188
2026-08-24 11:22:00-04:00,7659.5,7660.25,7659.0,7660.0,1642
2026-08-24 11:23:00-04:00,7663.0,7663.5,7659.25,7659.25,2873
2026-08-24 11:24:00-04:00,7665.5,7666.0,7662.5,7663.0,2498
2026-08-24 11:25:00-04:00,7666.0,7667.25,7665.25,7665.5,2568
2026-08-24 11:26:00-04:00,7665.25,7666.0,7664.5,7666.0,1690
2026-08-24 11:27:00-04:00,7665.75,7666.5,7665.25,7665.25,1795
2026-08-24 11:28:00-04:00,7667.75,7668.0,7665.0,7665.75,1726
2026-08-24 11:29:00-04:00,7671.5,7674.25,7667.5,7667.75,14848
2026-08-24 11:30:00-04:00,7673.25,7673.5,7668.0,7671.5,8810
2026-08-24 11:31:00-04:00,7672.25,7674.75,7671.25,7673.25,3453
2026-08-24 11:32:00-04:00,7670.5,7672.75,7669.75,7672.25,3058
2026-08-24 11:33:00-04:00,7673.25,7673.75,7670.0,7670.25,2041
2026-08-24 11:34:00-04:00,7672.5,7673.75,7671.5,7673.25,2582
2026-08-24 11:35:00-04:00,7672.0,7673.5,7671.0,7672.5,2057
2026-08-24 11:36:00-04:00,7672.0,7673.0,7671.0,7672.0,1589
2026-08-24 11:37:00-04:00,7674.0,7674.25,7671.25,7672.0,1640
2026-08-24 11:38:00-04:00,7673.0,7674.25,7672.5,7674.0,1470
2026-08-24 11:39:00-04:00,7674.5,7675.75,7673.0,7673.0,2885
2026-08-24 11:40:00-04:00,7677.0,7677.75,7674.25,7674.5,3867
2026-08-24 11:41:00-04:00,7677.0,7677.25,7676.0,7677.0,1957
2026-08-24 11:42:00-04:00,7677.0,7677.25,7675.25,7677.0,2795
2026-08-24 11:43:00-04:00,7676.25,7678.75,7675.5,7677.0,2213
2026-08-24 11:44:00-04:00,7676.75,7677.25,7675.0,7676.5,2196
2026-08-24 11:45:00-04:00,7678.5,7680.0,7676.75,7676.75,3175
2026-08-24 11:46:00-04:00,7679.25,7680.0,7677.75,7678.75,2360
2026-08-24 11:47:00-04:00,7680.0,7680.75,7679.0,7679.5,3186
2026-08-24 11:48:00-04:00,7677.0,7681.5,7677.0,7680.0,3145
2026-08-24 11:49:00-04:00,7677.0,7677.75,7676.75,7677.25,1383
2026-08-24 11:50:00-04:00,7677.25,7678.5,7676.75,7676.75,1378
2026-08-24 11:51:00-04:00,7678.5,7679.0,7677.0,7677.25,1200
2026-08-24 11:52:00-04:00,7679.0,7679.25,7677.75,7678.5,785
2026-08-24 11:53:00-04:00,7680.0,7680.25,7678.25,7678.75,1473
2026-08-24 11:54:00-04:00,7677.25,7680.0,7677.0,7680.0,1026
2026-08-24 11:55:00-04:00,7677.75,7677.75,7675.5,7677.25,2196
2026-08-24 11:56:00-04:00,7677.5,7677.75,7676.25,7677.5,1817
2026-08-24 11:57:00-04:00,7676.75,7677.75,7676.5,7677.25,1727
2026-08-24 11:58:00-04:00,7677.0,7677.75,7676.75,7676.75,1492
2026-08-24 11:59:00-04:00,7679.5,7679.5,7676.25,7676.75,1949
2026-08-24 12:00:00-04:00,7678.75,7683.5,7678.25,7679.25,5820
2026-08-24 12:01:00-04:00,7682.0,7684.0,7678.5,7678.5,3623
2026-08-24 12:02:00-04:00,7683.5,7685.5,7680.5,7681.75,4517
2026-08-24 12:03:00-04:00,7684.25,7686.0,7683.0,7683.5,2434
2026-08-24 12:04:00-04:00,7683.75,7685.0,7683.25,7684.5,1788
2026-08-24 12:05:00-04:00,7681.5,7684.0,7681.0,7683.5,2236
2026-08-24 12:06:00-04:00,7681.25,7682.0,7680.75,7681.5,1362
2026-08-24 12:07:00-04:00,7680.75,7681.5,7680.75,7681.0,1001
2026-08-24 12:08:00-04:00,7680.25,7681.0,7679.25,7680.75,1436
2026-08-24 12:09:00-04:00,7679.0,7680.5,7678.5,7680.25,1001
2026-08-24 12:10:00-04:00,7679.25,7679.75,7678.25,7679.0,1845
2026-08-24 12:11:00-04:00,7678.75,7680.0,7678.5,7679.0,1176
2026-08-24 12:12:00-04:00,7679.75,7679.75,7678.5,7678.5,734
2026-08-24 12:13:00-04:00,7679.25,7680.0,7678.75,7679.5,888
2026-08-24 12:14:00-04:00,7680.75,7680.75,7679.0,7679.5,661
2026-08-24 12:15:00-04:00,7682.5,7683.0,7680.25,7680.75,1642
2026-08-24 12:16:00-04:00,7684.75,7685.0,7682.25,7682.5,1946
2026-08-24 12:17:00-04:00,7684.0,7685.0,7683.25,7685.0,1327
2026-08-24 12:18:00-04:00,7684.5,7685.75,7683.75,7683.75,1454
2026-08-24 12:19:00-04:00,7684.75,7685.75,7684.5,7684.75,1139
2026-08-24 12:20:00-04:00,7684.25,7684.75,7683.5,7684.5,1413
2026-08-24 12:21:00-04:00,7685.25,7685.5,7684.0,7684.25,1382
2026-08-24 12:22:00-04:00,7684.75,7686.5,7684.5,7685.25,1549
2026-08-24 12:23:00-04:00,7683.25,7684.75,7682.25,7684.75,1457
2026-08-24 12:24:00-04:00,7682.75,7683.25,7682.25,7683.0,861
2026-08-24 12:25:00-04:00,7682.75,7683.0,7682.25,7682.75,813
2026-08-24 12:26:00-04:00,7682.75,7683.0,7682.0,7682.75,863
2026-08-24 12:27:00-04:00,7682.75,7683.75,7682.5,7682.75,916
2026-08-24 12:28:00-04:00,7683.5,7683.5,7682.5,7682.75,603
2026-08-24 12:29:00-04:00,7683.25,7684.25,7682.75,7683.25,1015
2026-08-24 12:30:00-04:00,7682.0,7684.0,7681.25,7683.25,1580
2026-08-24 12:31:00-04:00,7680.0,7681.75,7679.75,7681.75,2139
2026-08-24 12:32:00-04:00,7679.75,7680.25,7679.0,7680.0,1531
2026-08-24 12:33:00-04:00,7679.75,7680.25,7679.25,7679.75,707
2026-08-24 12:34:00-04:00,7680.0,7680.0,7679.0,7679.75,841
2026-08-24 12:35:00-04:00,7680.5,7680.75,7679.25,7680.0,752
2026-08-24 12:36:00-04:00,7680.25,7680.75,7679.75,7680.25,644
2026-08-24 12:37:00-04:00,7680.75,7681.0,7680.0,7680.0,581
2026-08-24 12:38:00-04:00,7678.0,7681.25,7677.75,7680.75,1607
2026-08-24 12:39:00-04:00,7677.75,7678.5,7677.25,7678.0,986
2026-08-24 12:40:00-04:00,7678.0,7678.25,7676.75,7677.5,1040
2026-08-24 12:41:00-04:00,7677.75,7678.0,7677.0,7678.0,629
2026-08-24 12:42:00-04:00,7676.25,7677.75,7676.0,7677.5,602
2026-08-24 12:43:00-04:00,7676.75,7677.0,7675.75,7676.0,760
2026-08-24 12:44:00-04:00,7677.25,7677.75,7676.5,7676.75,810
2026-08-24 12:45:00-04:00,7676.0,7677.5,7675.75,7677.25,1269
2026-08-24 12:46:00-04:00,7676.25,7676.5,7675.75,7675.75,1002
2026-08-24 12:47:00-04:00,7676.75,7677.0,7676.0,7676.0,1217
2026-08-24 12:48:00-04:00,7676.5,7678.0,7676.5,7676.75,1203
2026-08-24 12:49:00-04:00,7677.75,7677.75,7676.0,7676.5,792
2026-08-24 12:50:00-04:00,7677.0,7678.75,7676.75,7677.5,1317
2026-08-24 12:51:00-04:00,7675.5,7677.0,7675.25,7676.75,856
2026-08-24 12:52:00-04:00,7676.75,7677.25,7675.5,7675.5,713
2026-08-24 12:53:00-04:00,7677.0,7677.0,7676.25,7676.75,511
2026-08-24 12:54:00-04:00,7676.25,7677.0,7675.5,7677.0,733
2026-08-24 12:55:00-04:00,7675.75,7676.25,7675.5,7676.25,739
2026-08-24 12:56:00-04:00,7676.0,7676.25,7675.5,7675.5,559
2026-08-24 12:57:00-04:00,7675.75,7677.5,7675.75,7675.75,1503
2026-08-24 12:58:00-04:00,7676.0,7676.0,7675.5,7675.75,598
2026-08-24 12:59:00-04:00,7676.0,7676.5,7675.75,7675.75,574
2026-08-24 13:00:00-04:00,7674.5,7676.25,7674.5,7676.0,1151
2026-08-24 13:01:00-04:00,7674.5,7675.5,7674.5,7674.5,971
2026-08-24 13:02:00-04:00,7673.75,7675.0,7673.5,7674.5,2238
2026-08-24 13:03:00-04:00,7673.5,7674.5,7673.5,7673.75,1479
2026-08-24 13:04:00-04:00,7674.25,7674.5,7672.75,7673.5,1328
2026-08-24 13:05:00-04:00,7674.5,7675.0,7673.5,7674.0,1151
2026-08-24 13:06:00-04:00,7675.0,7675.75,7674.25,7674.25,1091
2026-08-24 13:07:00-04:00,7679.25,7679.5,7674.75,7674.75,3028
2026-08-24 13:08:00-04:00,7679.0,7680.75,7677.5,7679.0,2667
2026-08-24 13:09:00-04:00,7678.5,7679.25,7678.25,7679.0,1181
2026-08-24 13:10:00-04:00,7677.75,7679.75,7677.25,7678.5,1491
2026-08-24 13:11:00-04:00,7681.5,7681.5,7677.5,7677.75,1697
2026-08-24 13:12:00-04:00,7680.75,7682.0,7680.0,7681.5,1642
2026-08-24 13:13:00-04:00,7678.75,7681.25,7678.5,7680.75,1610
2026-08-24 13:14:00-04:00,7679.25,7679.5,7677.25,7678.75,1373
2026-08-24 13:15:00-04:00,7678.25,7679.25,7677.5,7679.25,689
2026-08-24 13:16:00-04:00,7677.0,7678.25,7674.25,7678.0,3553
2026-08-24 13:17:00-04:00,7679.5,7679.75,7676.75,7676.75,1681
2026-08-24 13:18:00-04:00,7676.5,7679.5,7676.0,7679.25,1168
2026-08-24 13:19:00-04:00,7675.5,7677.0,7675.25,7676.25,1209
2026-08-24 13:20:00-04:00,7673.75,7675.75,7673.5,7675.25,2084
2026-08-24 13:21:00-04:00,7671.5,7673.5,7670.75,7673.5,3283
2026-08-24 13:22:00-04:00,7671.5,7671.75,7670.25,7671.25,2227
2026-08-24 13:23:00-04:00,7670.75,7671.75,7669.0,7671.25,2753
2026-08-24 13:24:00-04:00,7669.75,7671.5,7669.75,7670.75,1326
2026-08-24 13:25:00-04:00,7669.25,7670.0,7667.25,7669.75,3233
2026-08-24 13:26:00-04:00,7670.75,7671.0,7669.0,7669.25,1414
2026-08-24 13:27:00-04:00,7670.5,7671.0,7669.5,7670.5,1297
2026-08-24 13:28:00-04:00,7670.0,7671.5,7669.75,7670.5,1450
2026-08-24 13:29:00-04:00,7668.25,7670.5,7667.75,7670.0,1198
2026-08-24 13:30:00-04:00,7668.0,7668.5,7667.0,7668.0,2379
2026-08-24 13:31:00-04:00,7668.5,7669.0,7667.5,7667.75,1766
2026-08-24 13:32:00-04:00,7669.0,7670.0,7668.5,7668.5,1934
2026-08-24 13:38:00-04:00,7666.25,7666.75,7665.25,7665.5,9045
2026-08-24 13:39:00-04:00,7668.0,7668.25,7666.0,7666.0,1489
2026-08-24 13:40:00-04:00,7667.5,7668.75,7667.0,7668.0,1878
2026-08-24 13:41:00-04:00,7667.5,7667.5,7666.0,7667.5,1047
2026-08-24 13:42:00-04:00,7667.75,7668.25,7667.25,7667.75,1048
2026-08-24 13:43:00-04:00,7666.25,7667.75,7666.25,7667.75,1146
2026-08-24 13:44:00-04:00,7665.25,7666.75,7665.0,7666.5,1476
2026-08-24 13:45:00-04:00,7665.0,7665.5,7664.5,7665.0,2251
2026-08-24 13:46:00-04:00,7665.0,7666.0,7664.75,7665.25,1130
2026-08-24 13:47:00-04:00,7665.5,7666.25,7664.75,7665.25,1042
2026-08-24 13:48:00-04:00,7666.5,7667.0,7665.5,7665.5,1086
2026-08-24 13:49:00-04:00,7666.25,7666.75,7665.5,7666.75,897
2026-08-24 13:50:00-04:00,7668.75,7669.0,7666.0,7666.5,1929
2026-08-24 13:51:00-04:00,7667.0,7668.75,7666.5,7668.75,1036
2026-08-24 13:52:00-04:00,7665.75,7667.5,7665.5,7667.0,2117
2026-08-24 13:53:00-04:00,7666.75,7667.0,7665.25,7665.5,1348
2026-08-24 13:54:00-04:00,7666.0,7666.75,7665.75,7666.75,586
2026-08-24 13:55:00-04:00,7666.25,7666.5,7665.25,7666.25,636
2026-08-24 13:56:00-04:00,7667.25,7667.75,7666.0,7666.25,979
2026-08-24 13:57:00-04:00,7666.5,7668.0,7666.5,7667.0,917
2026-08-24 13:58:00-04:00,7666.75,7667.25,7666.5,7666.75,462
2026-08-24 13:59:00-04:00,7667.0,7667.25,7666.5,7666.75,529
2026-08-24 14:00:00-04:00,7669.75,7670.5,7666.75,7667.0,3527
2026-08-24 14:01:00-04:00,7670.0,7670.0,7668.25,7669.5,1548
2026-08-24 14:02:00-04:00,7669.5,7670.75,7669.0,7670.0,1375
2026-08-24 14:03:00-04:00,7669.75,7670.5,7668.75,7669.5,1704
2026-08-24 14:04:00-04:00,7669.75,7670.0,7669.0,7669.5,815
2026-08-24 14:05:00-04:00,7670.25,7670.75,7669.0,7669.5,835
2026-08-24 14:06:00-04:00,7671.0,7671.5,7670.0,7670.25,1142
2026-08-24 14:07:00-04:00,7671.75,7672.5,7671.0,7671.25,1707
2026-08-24 14:08:00-04:00,7672.25,7672.5,7671.0,7671.75,1085
2026-08-24 14:09:00-04:00,7673.0,7674.25,7671.75,7672.5,1920
2026-08-24 14:10:00-04:00,7673.0,7673.5,7672.25,7673.0,1361
2026-08-24 14:11:00-04:00,7673.25,7674.0,7672.5,7673.0,968
2026-08-24 14:12:00-04:00,7673.0,7673.5,7672.5,7673.25,859
2026-08-24 14:13:00-04:00,7674.25,7674.75,7673.0,7673.25,1014
2026-08-24 14:14:00-04:00,7676.75,7677.0,7674.25,7674.25,3311
2026-08-24 14:15:00-04:00,7676.75,7678.0,7676.5,7676.5,3165
2026-08-24 14:16:00-04:00,7677.25,7679.25,7676.5,7676.75,3081
2026-08-24 14:17:00-04:00,7676.5,7677.5,7676.0,7677.25,1602
2026-08-24 14:18:00-04:00,7676.0,7676.75,7675.25,7676.25,1256
2026-08-24 14:19:00-04:00,7676.25,7676.75,7675.5,7676.0,751
2026-08-24 14:20:00-04:00,7677.75,7678.0,7676.0,7676.25,1263
2026-08-24 14:21:00-04:00,7678.75,7679.25,7677.75,7677.75,1762
2026-08-24 14:22:00-04:00,7679.25,7681.0,7679.0,7679.0,3549
2026-08-24 14:23:00-04:00,7679.75,7680.0,7678.75,7679.5,1460
2026-08-24 14:24:00-04:00,7680.25,7680.75,7679.75,7680.0,1308
2026-08-24 14:25:00-04:00,7680.0,7680.75,7679.5,7680.0,1347
2026-08-24 14:26:00-04:00,7680.75,7681.25,7680.0,7680.0,1493
2026-08-24 14:27:00-04:00,7680.5,7681.75,7680.25,7680.75,1890
2026-08-24 14:28:00-04:00,7682.0,7682.0,7680.25,7680.5,1530
2026-08-24 14:29:00-04:00,7682.0,7682.75,7681.5,7681.75,1501
2026-08-24 14:30:00-04:00,7683.75,7685.25,7682.0,7682.0,5320
2026-08-24 14:31:00-04:00,7681.5,7683.75,7681.25,7683.75,2854
2026-08-24 14:32:00-04:00,7682.5,7682.5,7681.5,7681.5,1218
2026-08-24 14:33:00-04:00,7681.75,7682.75,7681.5,7682.5,1115
2026-08-24 14:34:00-04:00,7681.0,7682.0,7680.75,7681.75,977
2026-08-24 14:35:00-04:00,7680.25,7681.75,7680.25,7681.25,900
2026-08-24 14:36:00-04:00,7678.0,7680.5,7677.75,7680.25,3166
2026-08-24 14:37:00-04:00,7677.75,7678.5,7677.5,7678.0,876
2026-08-24 14:38:00-04:00,7676.0,7678.0,7676.0,7677.75,1539
2026-08-24 14:39:00-04:00,7676.25,7676.5,7675.25,7676.25,2038
2026-08-24 14:40:00-04:00,7677.25,7677.5,7675.75,7676.5,1364
2026-08-24 14:41:00-04:00,7677.5,7677.75,7676.75,7677.25,1187
2026-08-24 14:42:00-04:00,7677.25,7678.0,7676.5,7677.5,1048
2026-08-24 14:43:00-04:00,7678.0,7678.25,7677.0,7677.25,795
2026-08-24 14:44:00-04:00,7677.5,7678.0,7676.75,7678.0,708
2026-08-24 14:45:00-04:00,7676.5,7678.5,7676.5,7677.5,975
2026-08-24 14:46:00-04:00,7676.0,7676.5,7675.25,7676.5,1380
2026-08-24 14:47:00-04:00,7676.75,7677.0,7676.0,7676.0,949
2026-08-24 14:48:00-04:00,7676.5,7676.75,7675.75,7676.5,747
2026-08-24 14:49:00-04:00,7677.5,7678.0,7676.5,7676.5,812
2026-08-24 14:50:00-04:00,7678.0,7678.75,7677.5,7677.5,1071
2026-08-24 14:51:00-04:00,7676.75,7678.25,7676.5,7678.0,787
2026-08-24 14:52:00-04:00,7676.25,7677.0,7675.25,7676.75,1074
2026-08-24 14:53:00-04:00,7675.25,7676.5,7675.0,7676.25,1021
2026-08-24 14:54:00-04:00,7675.75,7676.25,7675.25,7675.25,1038
2026-08-24 14:55:00-04:00,7675.5,7677.0,7675.25,7675.75,983
2026-08-24 14:56:00-04:00,7675.5,7676.0,7675.0,7675.5,645
2026-08-24 14:57:00-04:00,7675.75,7676.5,7675.5,7675.5,753
2026-08-24 14:58:00-04:00,7676.0,7676.0,7675.5,7675.75,724
2026-08-24 14:59:00-04:00,7674.25,7676.0,7674.0,7676.0,1552
2026-08-24 15:00:00-04:00,7673.5,7675.0,7673.25,7674.0,1874
2026-08-24 15:01:00-04:00,7674.75,7674.75,7672.5,7673.5,2356
2026-08-24 15:02:00-04:00,7673.75,7674.75,7673.75,7674.5,815
2026-08-24 15:03:00-04:00,7673.25,7674.0,7672.5,7674.0,1071
2026-08-24 15:04:00-04:00,7673.5,7674.0,7672.75,7673.25,852
2026-08-24 15:05:00-04:00,7675.0,7675.0,7673.5,7673.5,1061
2026-08-24 15:06:00-04:00,7674.25,7674.75,7673.75,7674.75,702
2026-08-24 15:07:00-04:00,7674.25,7675.25,7674.0,7674.5,936
2026-08-24 15:08:00-04:00,7674.0,7674.5,7673.5,7674.25,805
2026-08-24 15:09:00-04:00,7673.0,7674.25,7672.5,7674.25,762
2026-08-24 15:10:00-04:00,7673.75,7673.75,7672.75,7673.0,753
2026-08-24 15:11:00-04:00,7675.0,7675.25,7673.0,7673.75,1918
2026-08-24 15:12:00-04:00,7675.0,7675.25,7674.5,7675.0,746
2026-08-24 15:13:00-04:00,7675.5,7675.75,7674.75,7674.75,787
2026-08-24 15:14:00-04:00,7675.25,7676.5,7675.0,7675.5,828
2026-08-24 15:15:00-04:00,7674.25,7675.5,7673.5,7675.5,1240
2026-08-24 15:16:00-04:00,7674.25,7674.75,7674.0,7674.25,567
2026-08-24 15:17:00-04:00,7675.25,7675.25,7674.0,7674.25,501
2026-08-24 15:18:00-04:00,7676.5,7676.75,7674.75,7675.0,1110
2026-08-24 15:19:00-04:00,7675.5,7676.75,7675.25,7676.5,920
2026-08-24 15:20:00-04:00,7675.25,7675.5,7673.75,7675.25,1218
2026-08-24 15:21:00-04:00,7675.75,7676.0,7674.75,7675.0,689
2026-08-24 15:22:00-04:00,7675.25,7676.25,7674.5,7676.0,1130
2026-08-24 15:23:00-04:00,7674.75,7675.75,7674.25,7675.0,1287
2026-08-24 15:24:00-04:00,7674.75,7675.0,7674.25,7674.75,561
2026-08-24 15:25:00-04:00,7675.75,7676.0,7674.5,7674.5,1002
2026-08-24 15:26:00-04:00,7674.5,7676.0,7674.25,7676.0,835
2026-08-24 15:27:00-04:00,7675.0,7675.0,7673.5,7674.25,1040
2026-08-24 15:28:00-04:00,7674.5,7675.25,7674.0,7675.0,617
2026-08-24 15:29:00-04:00,7674.25,7674.75,7673.5,7674.25,802
2026-08-24 15:30:00-04:00,7676.75,7677.0,7674.0,7674.25,1903
2026-08-24 15:31:00-04:00,7675.75,7676.75,7675.25,7676.75,1481
2026-08-24 15:32:00-04:00,7674.0,7675.75,7673.75,7675.5,1282
2026-08-24 15:33:00-04:00,7673.5,7674.25,7673.25,7674.0,1135
2026-08-24 15:34:00-04:00,7671.75,7674.0,7671.75,7673.5,1831
2026-08-24 15:35:00-04:00,7672.0,7672.5,7671.0,7672.0,2205
2026-08-24 15:36:00-04:00,7672.0,7672.25,7671.75,7672.0,1042
2026-08-24 15:37:00-04:00,7672.25,7673.0,7671.75,7672.0,1470
2026-08-24 15:38:00-04:00,7672.25,7672.75,7671.75,7672.5,832
2026-08-24 15:39:00-04:00,7671.0,7672.5,7670.75,7672.25,1250
2026-08-24 15:40:00-04:00,7671.75,7672.0,7671.0,7671.0,1235
2026-08-24 15:41:00-04:00,7670.5,7671.75,7670.25,7671.75,1402
2026-08-24 15:42:00-04:00,7670.25,7671.0,7670.25,7670.5,884
2026-08-24 15:43:00-04:00,7671.75,7672.25,7670.0,7670.25,1723
2026-08-24 15:44:00-04:00,7671.25,7672.0,7670.75,7671.5,1197
2026-08-24 15:45:00-04:00,7670.25,7671.5,7670.25,7671.25,2463
2026-08-24 15:46:00-04:00,7669.75,7670.25,7669.25,7670.25,1786
2026-08-24 15:47:00-04:00,7670.75,7671.75,7669.25,7669.75,2043
2026-08-24 15:48:00-04:00,7671.5,7671.75,7670.25,7670.75,1256
2026-08-24 15:49:00-04:00,7672.0,7672.5,7671.0,7671.25,1796
2026-08-24 15:50:00-04:00,7671.25,7674.25,7671.25,7672.0,3486
2026-08-24 15:51:00-04:00,7670.0,7672.25,7670.0,7671.25,1828
2026-08-24 15:52:00-04:00,7669.0,7670.0,7668.0,7670.0,5242
2026-08-24 15:53:00-04:00,7668.5,7669.75,7668.25,7669.25,2090
2026-08-24 15:54:00-04:00,7672.25,7672.25,7668.75,7668.75,3435
2026-08-24 15:55:00-04:00,7670.75,7672.25,7668.25,7672.25,5868
2026-08-24 15:56:00-04:00,7671.5,7673.0,7670.25,7670.5,3936
2026-08-24 15:57:00-04:00,7672.25,7672.5,7670.75,7671.5,2536
2026-08-24 15:58:00-04:00,7673.0,7674.25,7672.0,7672.25,6279
2026-08-24 15:59:00-04:00,7669.5,7673.5,7668.75,7673.0,46754
2026-08-24 16:00:00-04:00,7668.75,7670.25,7668.0,7669.75,14293
2026-08-24 16:01:00-04:00,7669.75,7670.0,7668.5,7668.75,1889
2026-08-24 16:02:00-04:00,7669.5,7670.25,7669.0,7669.75,1139
2026-08-24 16:03:00-04:00,7670.5,7670.75,7669.0,7669.5,1050
2026-08-24 16:04:00-04:00,7671.0,7672.25,7670.5,7670.5,1608
2026-08-24 16:05:00-04:00,7671.5,7671.5,7670.25,7671.25,1331
2026-08-24 16:06:00-04:00,7671.75,7672.25,7671.0,7671.5,772
2026-08-24 16:07:00-04:00,7672.5,7673.5,7671.75,7671.75,1044
2026-08-24 16:08:00-04:00,7671.5,7672.5,7671.25,7672.5,500
2026-08-24 16:09:00-04:00,7671.25,7671.75,7670.5,7671.75,501
2026-08-24 16:10:00-04:00,7670.5,7671.5,7670.5,7671.25,355
2026-08-24 16:11:00-04:00,7670.25,7670.5,7670.0,7670.5,538
2026-08-24 16:12:00-04:00,7670.0,7670.5,7670.0,7670.25,456
2026-08-24 16:13:00-04:00,7670.5,7670.75,7670.0,7670.0,460
2026-08-24 16:14:00-04:00,7670.75,7671.75,7670.25,7670.25,729
2026-08-24 16:15:00-04:00,7670.25,7671.25,7670.25,7671.0,349
2026-08-24 16:16:00-04:00,7670.5,7671.0,7670.25,7670.25,613
2026-08-24 16:17:00-04:00,7669.5,7670.75,7669.25,7670.75,1429
2026-08-24 16:18:00-04:00,7669.75,7670.0,7669.5,7669.5,314
2026-08-24 16:19:00-04:00,7670.0,7670.5,7669.75,7669.75,359
2026-08-24 16:20:00-04:00,7668.25,7670.25,7668.0,7670.0,464
2026-08-24 16:21:00-04:00,7668.5,7668.75,7668.0,7668.25,395
2026-08-24 16:22:00-04:00,7668.25,7668.5,7668.0,7668.5,56
2026-08-24 16:23:00-04:00,7668.0,7668.25,7667.75,7668.0,549
2026-08-24 16:24:00-04:00,7666.75,7668.25,7666.5,7668.0,497
2026-08-24 16:25:00-04:00,7666.75,7667.0,7666.5,7666.75,175
2026-08-24 16:26:00-04:00,7666.75,7667.25,7666.75,7666.75,305
2026-08-24 16:27:00-04:00,7666.5,7667.25,7666.5,7666.75,289
2026-08-24 16:28:00-04:00,7667.25,7667.25,7666.5,7666.75,207
2026-08-24 16:29:00-04:00,7667.0,7667.25,7666.75,7667.0,176
2026-08-24 16:30:00-04:00,7667.75,7668.0,7666.5,7666.75,436
2026-08-24 16:31:00-04:00,7668.75,7668.75,7668.0,7668.0,303
2026-08-24 16:32:00-04:00,7668.5,7668.5,7668.0,7668.5,200
2026-08-24 16:33:00-04:00,7669.0,7669.0,7668.5,7668.5,165
2026-08-24 16:34:00-04:00,7669.0,7669.0,7668.75,7669.0,173
2026-08-24 16:35:00-04:00,7669.0,7669.0,7668.75,7668.75,93
2026-08-24 16:36:00-04:00,7669.25,7670.0,7669.0,7669.0,288
2026-08-24 16:37:00-04:00,7670.25,7670.25,7669.0,7669.25,142
2026-08-24 16:38:00-04:00,7671.0,7671.0,7669.75,7670.0,197
2026-08-24 16:39:00-04:00,7670.75,7671.25,7670.75,7671.0,139
2026-08-24 16:40:00-04:00,7670.75,7671.0,7670.5,7671.0,123
2026-08-24 16:41:00-04:00,7670.75,7671.0,7670.5,7671.0,132
2026-08-24 16:42:00-04:00,7671.0,7671.0,7670.75,7670.75,97
2026-08-24 16:43:00-04:00,7671.0,7671.5,7671.0,7671.25,76
2026-08-24 16:44:00-04:00,7671.25,7671.5,7671.0,7671.25,167
2026-08-24 16:45:00-04:00,7671.25,7671.5,7671.0,7671.0,199
2026-08-24 16:46:00-04:00,7671.25,7671.75,7671.25,7671.25,262
2026-08-24 16:47:00-04:00,7671.25,7671.5,7671.25,7671.25,210
2026-08-24 16:48:00-04:00,7671.25,7671.5,7671.0,7671.25,230
2026-08-24 16:49:00-04:00,7670.5,7671.25,7670.25,7671.25,545
2026-08-24 16:50:00-04:00,7670.25,7670.5,7670.25,7670.25,104
2026-08-24 16:51:00-04:00,7670.5,7670.5,7670.0,7670.5,135
2026-08-24 16:52:00-04:00,7670.0,7670.75,7670.0,7670.5,181
2026-08-24 16:53:00-04:00,7670.25,7670.25,7670.0,7670.0,205
2026-08-24 16:54:00-04:00,7671.0,7671.0,7670.25,7670.25,137
2026-08-24 16:55:00-04:00,7671.75,7671.75,7670.75,7670.75,159
2026-08-24 16:56:00-04:00,7672.5,7672.5,7671.75,7671.75,110
2026-08-24 16:57:00-04:00,7674.25,7674.25,7672.25,7672.5,365
2026-08-24 16:58:00-04:00,7674.25,7675.0,7674.0,7674.25,288
2026-08-24 16:59:00-04:00,7674.25,7674.75,7674.0,7674.0,527
2026-08-24 18:00:00-04:00,7676.25,7677.5,7674.5,7676.0,0
2026-08-24 18:01:00-04:00,7675.0,7676.75,7674.75,7676.5,156
2026-08-24 18:02:00-04:00,7675.75,7677.0,7675.25,7675.25,110
2026-08-24 18:03:00-04:00,7674.75,7676.25,7674.5,7676.0,96
2026-08-24 18:04:00-04:00,7674.0,7675.0,7673.5,7675.0,104
2026-08-24 18:05:00-04:00,7674.75,7675.25,7674.0,7674.25,96
2026-08-24 18:06:00-04:00,7675.75,7677.0,7674.75,7674.75,161
2026-08-24 18:07:00-04:00,7675.25,7676.0,7674.5,7675.75,86
2026-08-24 18:08:00-04:00,7675.0,7675.25,7674.75,7675.0,27
2026-08-24 18:09:00-04:00,7675.0,7675.0,7674.5,7675.0,32
2026-08-24 18:10:00-04:00,7674.5,7675.0,7674.25,7675.0,48
2026-08-24 18:11:00-04:00,7674.5,7674.5,7674.0,7674.25,49
2026-08-24 18:12:00-04:00,7674.0,7674.5,7674.0,7674.25,35
2026-08-24 18:13:00-04:00,7674.0,7674.0,7673.75,7674.0,43
2026-08-24 18:14:00-04:00,7674.0,7674.25,7674.0,7674.0,24
2026-08-24 18:15:00-04:00,7674.25,7674.75,7674.25,7674.25,60
2026-08-24 18:16:00-04:00,7674.5,7674.75,7674.5,7674.5,8
2026-08-24 18:17:00-04:00,7674.5,7674.5,7673.75,7674.25,19
2026-08-24 18:18:00-04:00,7674.75,7674.75,7674.25,7674.25,31
2026-08-24 18:19:00-04:00,7674.5,7675.0,7674.25,7674.75,17
2026-08-24 18:20:00-04:00,7674.0,7675.0,7674.0,7674.25,44
2026-08-24 18:21:00-04:00,7675.0,7675.0,7674.25,7674.25,31
2026-08-24 18:22:00-04:00,7674.5,7674.5,7673.75,7674.5,43
2026-08-24 18:23:00-04:00,7674.75,7675.0,7674.75,7674.75,15
2026-08-24 18:24:00-04:00,7674.75,7674.75,7674.75,7674.75,6
2026-08-24 18:25:00-04:00,7674.5,7674.75,7674.25,7674.75,12
2026-08-24 18:26:00-04:00,7674.25,7674.5,7674.0,7674.5,20
2026-08-24 18:27:00-04:00,7674.5,7674.5,7674.0,7674.0,9
2026-08-24 18:28:00-04:00,7674.25,7674.5,7674.0,7674.25,28
2026-08-24 18:29:00-04:00,7674.25,7674.25,7674.0,7674.0,12
2026-08-24 18:30:00-04:00,7674.0,7674.5,7673.5,7674.5,37
2026-08-24 18:31:00-04:00,7673.75,7674.0,7673.25,7674.0,69
2026-08-24 18:32:00-04:00,7674.25,7674.75,7674.0,7674.0,55
2026-08-24 18:33:00-04:00,7674.0,7674.25,7674.0,7674.25,2
2026-08-24 18:34:00-04:00,7674.25,7674.75,7674.25,7674.25,22
2026-08-24 18:35:00-04:00,7674.25,7674.5,7674.25,7674.5,7
2026-08-24 18:36:00-04:00,7674.5,7674.5,7674.5,7674.5,7
2026-08-24 18:37:00-04:00,7674.25,7674.5,7674.25,7674.5,10
2026-08-24 18:38:00-04:00,7674.5,7674.5,7674.5,7674.5,7
2026-08-24 18:39:00-04:00,7674.25,7674.5,7674.25,7674.5,25
2026-08-24 18:40:00-04:00,7674.0,7674.5,7673.5,7674.25,60
2026-08-24 18:41:00-04:00,7673.75,7674.0,7673.25,7673.75,73
2026-08-24 18:42:00-04:00,7673.75,7673.75,7673.5,7673.75,81
2026-08-24 18:43:00-04:00,7673.25,7673.5,7673.25,7673.5,21
2026-08-24 18:44:00-04:00,7673.75,7673.75,7673.5,7673.5,12
2026-08-24 18:45:00-04:00,7673.75,7673.75,7673.75,7673.75,12
2026-08-24 18:46:00-04:00,7673.5,7673.5,7673.5,7673.5,1
2026-08-24 18:47:00-04:00,7673.75,7673.75,7673.5,7673.5,24
2026-08-24 18:48:00-04:00,7674.0,7674.0,7673.5,7673.75,39
2026-08-24 18:49:00-04:00,7674.0,7674.25,7674.0,7674.0,22
2026-08-24 18:50:00-04:00,7673.75,7674.0,7673.75,7673.75,4
2026-08-24 18:51:00-04:00,7674.0,7674.0,7674.0,7674.0,14
2026-08-24 18:52:00-04:00,7674.25,7674.25,7673.75,7674.25,50
2026-08-24 18:53:00-04:00,7674.0,7674.5,7674.0,7674.25,12
2026-08-24 18:54:00-04:00,7674.0,7674.0,7674.0,7674.0,8
2026-08-24 18:55:00-04:00,7673.5,7674.0,7673.5,7674.0,39
2026-08-24 18:56:00-04:00,7673.75,7673.75,7673.75,7673.75,12
2026-08-24 18:57:00-04:00,7674.25,7674.5,7673.75,7673.75,14
2026-08-24 18:58:00-04:00,7674.25,7674.5,7674.25,7674.25,29
2026-08-24 18:59:00-04:00,7674.5,7674.5,7674.0,7674.0,26
2026-08-24 19:00:00-04:00,7674.5,7674.75,7674.0,7674.5,50
2026-08-24 19:01:00-04:00,7674.25,7674.5,7674.0,7674.5,34
2026-08-24 19:02:00-04:00,7674.25,7674.5,7674.0,7674.25,21
2026-08-24 19:03:00-04:00,7674.25,7674.5,7674.0,7674.5,27
2026-08-24 19:04:00-04:00,7674.5,7674.5,7674.25,7674.25,7
2026-08-24 19:05:00-04:00,7674.5,7674.5,7674.25,7674.5,28
2026-08-24 19:06:00-04:00,7674.25,7674.25,7674.25,7674.25,27
2026-08-24 19:07:00-04:00,7674.25,7674.5,7674.25,7674.5,8
2026-08-24 19:08:00-04:00,7675.0,7675.5,7674.25,7674.5,81
2026-08-24 19:09:00-04:00,7675.25,7675.25,7674.75,7674.75,79
2026-08-24 19:10:00-04:00,7675.0,7675.0,7675.0,7675.0,21
2026-08-24 19:11:00-04:00,7675.0,7675.0,7675.0,7675.0,2
2026-08-24 19:12:00-04:00,7674.75,7675.0,7674.75,7675.0,2
2026-08-24 19:13:00-04:00,7675.0,7675.25,7675.0,7675.0,24
2026-08-24 19:14:00-04:00,7675.25,7675.5,7674.75,7675.25,94
2026-08-24 19:15:00-04:00,7675.75,7675.75,7675.0,7675.5,152
2026-08-24 19:16:00-04:00,7675.25,7675.5,7675.25,7675.5,32
2026-08-24 19:17:00-04:00,7674.75,7675.0,7674.5,7675.0,54
2026-08-24 19:18:00-04:00,7674.25,7674.75,7673.75,7674.75,103
2026-08-24 19:19:00-04:00,7674.25,7674.25,7674.0,7674.0,38
2026-08-24 19:20:00-04:00,7674.5,7674.5,7674.0,7674.0,4
2026-08-24 19:21:00-04:00,7674.5,7674.75,7674.25,7674.25,12
2026-08-24 19:22:00-04:00,7675.25,7675.25,7674.5,7674.5,52
2026-08-24 19:23:00-04:00,7674.5,7675.25,7674.25,7675.0,102
2026-08-24 19:24:00-04:00,7674.5,7674.5,7674.5,7674.5,10
2026-08-24 19:25:00-04:00,7674.25,7674.5,7674.25,7674.5,24
2026-08-24 19:26:00-04:00,7674.25,7674.25,7674.0,7674.0,6
2026-08-24 19:27:00-04:00,7673.25,7674.0,7673.25,7674.0,67
2026-08-24 19:28:00-04:00,7672.75,7673.0,7672.5,7673.0,127
2026-08-24 19:29:00-04:00,7672.5,7673.0,7672.5,7672.75,12
2026-08-24 19:30:00-04:00,7672.0,7672.75,7671.75,7672.5,134
2026-08-24 19:31:00-04:00,7671.5,7671.75,7671.25,7671.75,26
2026-08-24 19:32:00-04:00,7672.0,7672.25,7671.5,7671.75,50
2026-08-24 19:33:00-04:00,7672.25,7672.75,7672.0,7672.25,62
2026-08-24 19:34:00-04:00,7672.25,7672.5,7672.0,7672.25,49
2026-08-24 19:37:00-04:00,7671.25,7671.25,7671.25,7671.25,196
2026-08-24 19:38:00-04:00,7671.25,7671.25,7671.25,7671.25,4
2026-08-24 19:39:00-04:00,7670.75,7671.0,7670.5,7671.0,57
2026-08-24 19:40:00-04:00,7671.0,7671.0,7670.25,7670.75,60
2026-08-24 19:41:00-04:00,7671.0,7672.5,7670.75,7670.75,215
2026-08-24 19:42:00-04:00,7669.5,7670.75,7669.0,7670.75,529
2026-08-24 19:43:00-04:00,7669.25,7669.75,7667.75,7669.5,170
2026-08-24 19:44:00-04:00,7669.25,7669.25,7668.75,7669.0,74
2026-08-24 19:45:00-04:00,7669.0,7669.25,7668.5,7669.25,91
2026-08-24 19:46:00-04:00,7668.5,7669.5,7668.5,7668.75,139
2026-08-24 19:47:00-04:00,7669.0,7669.0,7668.5,7668.5,27
2026-08-24 19:48:00-04:00,7669.25,7669.25,7668.75,7669.0,20
2026-08-24 19:49:00-04:00,7669.25,7669.25,7668.75,7669.25,35
2026-08-24 19:50:00-04:00,7669.75,7670.0,7669.25,7669.25,85
2026-08-24 19:51:00-04:00,7670.0,7670.25,7669.5,7669.75,54
2026-08-24 19:52:00-04:00,7670.5,7671.25,7670.25,7670.25,67
2026-08-24 19:53:00-04:00,7669.25,7670.25,7669.25,7670.25,74
2026-08-24 19:54:00-04:00,7668.75,7669.5,7668.5,7669.25,42
2026-08-24 19:55:00-04:00,7669.25,7669.25,7668.75,7668.75,43
2026-08-24 19:56:00-04:00,7669.25,7669.25,7669.0,7669.0,38
2026-08-24 19:57:00-04:00,7670.25,7670.25,7669.25,7669.25,27
2026-08-24 19:58:00-04:00,7670.25,7670.5,7670.0,7670.0,44
2026-08-24 19:59:00-04:00,7670.5,7670.5,7670.25,7670.25,39
2026-08-24 20:00:00-04:00,7669.0,7671.25,7668.5,7670.5,320
2026-08-24 20:01:00-04:00,7669.5,7670.25,7668.25,7669.0,180
2026-08-24 20:02:00-04:00,7668.75,7670.0,7668.75,7669.5,80
2026-08-24 20:03:00-04:00,7668.0,7668.75,7668.0,7668.75,150
2026-08-24 20:04:00-04:00,7667.25,7668.5,7667.25,7668.25,93
2026-08-24 20:05:00-04:00,7667.75,7668.0,7667.0,7667.5,184
2026-08-24 20:06:00-04:00,7667.75,7668.0,7667.25,7668.0,102
2026-08-24 20:07:00-04:00,7668.25,7669.75,7667.25,7667.75,173
2026-08-24 20:08:00-04:00,7667.75,7668.75,7667.75,7668.5,84
2026-08-24 20:09:00-04:00,7667.5,7668.0,7667.5,7667.75,94
2026-08-24 20:10:00-04:00,7665.25,7667.75,7665.0,7667.75,316
2026-08-24 20:11:00-04:00,7665.75,7666.0,7664.25,7665.25,0
