entry_time;exit_time;setup;side;grade;score;outcome;r_multiple
2026-08-14 01:50:00;2026-08-14 02:04:00;FAILED_AUCTION_VA;SHORT;FORT;60.2;TARGET1;1.167
2026-08-18 05:36:00;2026-08-18 05:50:00;NPOC_ABSORPTION_REVERSAL;LONG;FORT;56.1;STOP;-1.000
2026-08-18 07:32:00;2026-08-18 07:38:00;FINISHED_AUCTION;SHORT;TRESFORT;67.1;TARGET1;1.000
2026-08-18 13:42:00;2026-08-18 14:06:00;CUM_DELTA_DIV;SHORT;TRESFORT;70.0;TARGET1;1.000
2026-08-19 02:34:00;2026-08-19 02:36:00;FINISHED_AUCTION;SHORT;TRESFORT;67.5;STOP;-1.000
2026-08-19 04:04:00;2026-08-19 04:06:00;FINISHED_AUCTION;SHORT;FORT;51.3;STOP;-1.000
2026-07-09 02:02:00;2026-07-09 02:30:00;CUM_DELTA_DIV;SHORT;FORT;64.4;STOP;-1.000
2026-07-09 05:32:00;2026-07-09 05:34:00;DELTA_FLIP;SHORT;TRESFORT;72.9;TARGET1;1.163
2026-07-10 06:10:00;2026-07-10 06:14:00;CUM_DELTA_DIV;SHORT;FORT;52.4;TARGET1;1.121
2026-07-13 05:48:00;2026-07-13 06:06:00;FINISHED_AUCTION;SHORT;FORT;55.1;TARGET1;1.527
2026-07-14 03:06:00;2026-07-14 03:08:00;FINISHED_AUCTION;SHORT;FORT;59.8;TARGET2;2.258
2026-07-16 02:20:00;2026-07-16 02:26:00;FINISHED_AUCTION;LONG;FORT;51.0;STOP;-1.000
2026-07-16 03:24:00;2026-07-16 03:44:00;FINISHED_AUCTION;LONG;FORT;57.8;STOP;-1.000
2026-07-16 03:52:00;2026-07-16 03:54:00;FINISHED_AUCTION;LONG;FORT;52.9;STOP;-1.000
2026-07-16 11:08:00;2026-07-16 11:12:00;FINISHED_AUCTION;SHORT;FORT;52.4;TARGET1;1.000
2026-07-16 14:48:00;2026-07-16 14:50:00;FINISHED_AUCTION;LONG;FORT;50.4;STOP;-1.000
2026-07-17 18:04:00;2026-07-17 18:06:00;FINISHED_AUCTION;LONG;FORT;65.0;TARGET1;1.942
2026-07-21 01:42:00;2026-07-21 01:46:00;FINISHED_AUCTION;SHORT;FORT;59.1;STOP;-1.000
2026-07-21 04:24:00;2026-07-21 04:26:00;DELTA_FLIP;SHORT;FORT;53.5;STOP;-1.000
2026-07-21 05:40:00;2026-07-21 05:50:00;FINISHED_AUCTION;LONG;FORT;58.4;STOP;-1.000
2026-07-21 09:50:00;2026-07-21 09:52:00;DELTA_FLIP;LONG;TRESFORT;67.7;STOP;-1.000
2026-07-22 03:12:00;2026-07-22 03:18:00;FINISHED_AUCTION;LONG;TRESFORT;67.5;TARGET2;2.002
2026-07-22 04:06:00;2026-07-22 04:14:00;STACKED_IMB_RETEST;LONG;TRESFORT;76.9;TARGET1;1.692
2026-07-22 08:40:00;2026-07-22 08:56:00;CUM_DELTA_DIV;SHORT;FORT;58.7;TARGET1;1.000
2026-07-22 10:20:00;2026-07-22 10:22:00;CUM_DELTA_DIV;LONG;FORT;53.9;TARGET1;1.074
2026-07-22 10:26:00;2026-07-22 10:32:00;CUM_DELTA_DIV;LONG;TRESFORT;75.7;TARGET1;1.064
2026-07-22 10:32:00;2026-07-22 10:38:00;STACKED_IMB_RETEST;LONG;FORT;58.2;STOP;-1.000
2026-07-23 14:34:00;2026-07-23 14:42:00;DELTA_FLIP;SHORT;TRESFORT;76.3;TARGET2;2.370
2026-07-23 14:54:00;2026-07-23 15:16:00;FINISHED_AUCTION;SHORT;TRESFORT;68.7;TARGET1;1.403
2026-07-23 16:08:00;2026-07-23 16:12:00;FINISHED_AUCTION;SHORT;FORT;59.8;TARGET1;2.173
2026-07-23 20:30:00;2026-07-23 20:40:00;FINISHED_AUCTION;SHORT;TRESFORT;67.7;TARGET1;1.000
2026-07-23 23:10:00;2026-07-23 23:30:00;FINISHED_AUCTION;SHORT;FORT;60.4;STOP;-1.000
2026-07-27 20:20:00;2026-07-27 21:04:00;FINISHED_AUCTION;SHORT;FORT;51.9;STOP;-1.220
2026-07-27 20:16:00;2026-07-27 21:04:00;FINISHED_AUCTION;SHORT;FORT;52.5;STOP;-1.033
2026-07-29 04:02:00;2026-07-29 04:06:00;FINISHED_AUCTION;SHORT;FORT;56.5;TARGET2;2.329
2026-07-29 04:12:00;2026-07-29 04:16:00;FINISHED_AUCTION;SHORT;FORT;51.3;TARGET1;1.276
2026-07-29 06:38:00;2026-07-29 06:54:00;FINISHED_AUCTION;SHORT;FORT;59.7;TARGET1;1.000
2026-07-29 06:40:00;2026-07-29 06:56:00;FINISHED_AUCTION;SHORT;FORT;51.3;TARGET1;1.000
2026-07-29 09:04:00;2026-07-29 09:16:00;DELTA_FLIP;LONG;TRESFORT;68.5;TARGET1;1.000
2026-07-29 09:02:00;2026-07-29 09:16:00;FINISHED_AUCTION;LONG;FORT;55.3;TARGET1;1.000
2026-07-29 12:40:00;2026-07-29 12:48:00;FINISHED_AUCTION;SHORT;FORT;61.0;STOP;-1.000
2026-07-29 12:44:00;2026-07-29 12:58:00;FINISHED_AUCTION;SHORT;FORT;59.6;TARGET1;1.000
2026-07-29 12:34:00;2026-07-29 12:58:00;FINISHED_AUCTION;SHORT;FORT;57.4;TARGET1;1.000
2026-07-29 16:28:00;2026-07-29 16:30:00;FINISHED_AUCTION;SHORT;TRESFORT;79.2;TARGET1;1.261
2026-07-29 17:06:00;2026-07-29 17:10:00;FINISHED_AUCTION;SHORT;FORT;53.9;TARGET1;1.722
2026-07-29 17:30:00;2026-07-29 17:34:00;FINISHED_AUCTION;SHORT;FORT;59.1;STOP;-1.000
2026-07-29 17:22:00;2026-07-29 17:44:00;DELTA_FLIP;SHORT;TRESFORT;66.3;TARGET1;1.766
2026-07-29 21:06:00;2026-07-29 21:10:00;FINISHED_AUCTION;LONG;FORT;56.6;STOP;-1.000
2026-07-29 21:10:00;2026-07-29 21:12:00;FINISHED_AUCTION;LONG;FORT;64.1;STOP;-1.000
2026-07-29 21:12:00;2026-07-29 21:16:00;STACKED_IMB_RETEST;LONG;TRESFORT;80.1;STOP;-1.000
2026-07-29 21:16:00;2026-07-29 21:18:00;FINISHED_AUCTION;LONG;TRESFORT;70.3;STOP;-1.000
2026-07-29 22:24:00;2026-07-29 22:26:00;FINISHED_AUCTION;SHORT;FORT;57.4;STOP;-1.000
2026-07-29 22:34:00;2026-07-29 22:36:00;FINISHED_AUCTION;SHORT;FORT;53.7;STOP;-1.000
2026-07-29 23:24:00;2026-07-29 23:30:00;FINISHED_AUCTION;LONG;FORT;51.5;TARGET1;2.439
2026-07-30 04:00:00;2026-07-30 04:02:00;FINISHED_AUCTION;LONG;FORT;51.2;TARGET1;1.226
2026-07-30 07:40:00;2026-07-30 07:50:00;FINISHED_AUCTION;SHORT;FORT;58.5;TARGET1;1.000
2026-07-30 15:14:00;2026-07-30 15:18:00;FINISHED_AUCTION;LONG;FORT;51.6;STOP;-1.000
2026-07-31 16:32:00;2026-07-31 16:36:00;FINISHED_AUCTION;SHORT;FORT;54.0;TARGET1;1.579
2026-07-31 16:52:00;2026-07-31 16:54:00;FINISHED_AUCTION;SHORT;FORT;53.2;STOP;-1.000
2026-07-31 16:48:00;2026-07-31 16:56:00;FINISHED_AUCTION;SHORT;FORT;56.6;STOP;-1.000
2026-07-31 19:44:00;2026-07-31 19:52:00;CUM_DELTA_DIV;SHORT;TRESFORT;72.5;STOP;-1.000
2026-07-31 23:00:00;2026-07-31 23:04:00;DELTA_FLIP;SHORT;FORT;62.7;TARGET1;1.000
2026-08-03 01:18:00;2026-08-03 01:26:00;DELTA_FLIP;SHORT;FORT;54.1;TARGET1;2.134
2026-08-03 02:16:00;2026-08-03 02:20:00;FINISHED_AUCTION;LONG;FORT;52.5;TARGET1;1.000
2026-08-03 09:06:00;2026-08-03 09:10:00;FINISHED_AUCTION;LONG;TRESFORT;66.7;STOP;-1.000
2026-08-03 09:10:00;2026-08-03 09:24:00;FINISHED_AUCTION;SHORT;FORT;50.9;STOP;-1.000
2026-08-03 09:04:00;2026-08-03 09:24:00;FINISHED_AUCTION;SHORT;FORT;53.3;STOP;-1.000
2026-08-04 07:26:00;2026-08-04 07:50:00;STACKED_IMB_RETEST;LONG;FORT;55.1;TARGET1;2.792
2026-08-05 02:14:00;2026-08-05 02:16:00;FINISHED_AUCTION;SHORT;FORT;62.1;STOP;-1.000
2026-08-05 02:24:00;2026-08-05 02:26:00;STACKED_IMB_RETEST;SHORT;FORT;51.1;TARGET1;1.000
2026-08-05 02:22:00;2026-08-05 02:26:00;FINISHED_AUCTION;SHORT;FORT;58.4;TARGET1;1.000
2026-08-05 05:08:00;2026-08-05 05:16:00;FINISHED_AUCTION;LONG;FORT;58.7;TARGET1;1.106
2026-08-05 05:26:00;2026-08-05 05:28:00;FINISHED_AUCTION;LONG;FORT;63.8;STOP;-1.000
2026-08-05 05:36:00;2026-08-05 05:38:00;FINISHED_AUCTION;LONG;TRESFORT;68.2;TARGET2;2.889
2026-08-05 05:38:00;2026-08-05 05:40:00;FINISHED_AUCTION;LONG;TRESFORT;70.5;STOP;-1.000
2026-08-05 05:40:00;2026-08-05 05:42:00;FINISHED_AUCTION;LONG;TRESFORT;69.4;TARGET1;1.696
2026-08-05 08:56:00;2026-08-05 08:58:00;STACKED_IMB_RETEST;LONG;FORT;63.9;STOP;-1.000
2026-08-05 13:24:00;2026-08-05 13:56:00;CUM_DELTA_DIV;LONG;FORT;65.2;TARGET1;1.000
2026-08-05 19:08:00;2026-08-05 19:24:00;DELTA_FLIP;LONG;TRESFORT;70.4;TARGET1;2.022
2026-08-06 08:36:00;2026-08-06 08:38:00;DELTA_FLIP;LONG;TRESFORT;69.2;STOP;-1.000
2026-08-07 02:52:00;2026-08-07 03:02:00;FINISHED_AUCTION;LONG;FORT;51.1;STOP;-1.000
2026-08-07 04:40:00;2026-08-07 04:44:00;CUM_DELTA_DIV;LONG;FORT;61.9;TARGET1;1.608
2026-08-07 04:44:00;2026-08-07 05:00:00;CUM_DELTA_DIV;LONG;FORT;58.9;TARGET1;1.719
2026-08-07 07:24:00;2026-08-07 07:28:00;DELTA_FLIP;LONG;FORT;63.9;STOP;-1.000
2026-08-07 09:00:00;2026-08-07 09:06:00;DELTA_FLIP;LONG;TRESFORT;71.8;TARGET1;1.320
2026-08-10 04:28:00;2026-08-10 04:30:00;CUM_DELTA_DIV;SHORT;TRESFORT;70.4;TARGET1;1.660
2026-08-10 04:26:00;2026-08-10 04:30:00;CUM_DELTA_DIV;SHORT;TRESFORT;71.4;TARGET1;1.656
2026-08-10 04:30:00;2026-08-10 04:36:00;CUM_DELTA_DIV;SHORT;TRESFORT;73.7;STOP;-1.000
2026-08-10 07:14:00;2026-08-10 07:22:00;DELTA_FLIP;LONG;FORT;54.6;TARGET2;2.000
2026-08-10 12:14:00;2026-08-10 12:20:00;FINISHED_AUCTION;LONG;FORT;59.0;STOP;-1.000
2026-08-11 04:12:00;2026-08-11 04:14:00;FINISHED_AUCTION;LONG;FORT;54.8;STOP;-1.000
2026-08-11 22:26:00;2026-08-11 22:32:00;DELTA_FLIP;LONG;FORT;64.4;TARGET1;1.050
2026-08-12 01:52:00;2026-08-12 01:56:00;FINISHED_AUCTION;SHORT;FORT;62.9;STOP;-1.000
2026-08-13 07:02:00;2026-08-13 07:04:00;FINISHED_AUCTION;SHORT;FORT;63.0;STOP;-1.000
2026-08-13 07:04:00;2026-08-13 07:12:00;FINISHED_AUCTION;SHORT;FORT;55.7;TARGET1;1.072
2026-08-13 07:12:00;2026-08-13 07:26:00;DELTA_FLIP;SHORT;FORT;64.8;STOP;-1.000
2026-08-14 01:50:00;2026-08-14 02:04:00;FINISHED_AUCTION;SHORT;FORT;63.5;TARGET1;1.167
2026-08-14 03:40:00;2026-08-14 03:44:00;DELTA_FLIP;SHORT;TRESFORT;69.8;STOP;-1.000
2026-08-14 13:08:00;2026-08-14 13:16:00;CUM_DELTA_DIV;SHORT;FORT;51.3;TARGET1;1.000
2026-08-17 03:18:00;2026-08-17 03:30:00;FINISHED_AUCTION;LONG;FORT;54.7;TARGET1;1.385
2026-08-18 02:04:00;2026-08-18 02:08:00;FINISHED_AUCTION;LONG;FORT;52.1;TARGET1;1.000
2026-08-18 05:36:00;2026-08-18 05:50:00;NPOC_ABSORPTION_REVERSAL;LONG;FORT;51.9;STOP;-1.000
2026-08-18 13:42:00;2026-08-18 14:06:00;CUM_DELTA_DIV;SHORT;TRESFORT;69.3;TARGET1;1.000
2026-08-18 17:02:00;2026-08-18 17:04:00;DELTA_FLIP;SHORT;FORT;54.3;STOP;-1.000
2026-08-18 21:42:00;2026-08-18 22:50:00;FINISHED_AUCTION;SHORT;FORT;58.2;TARGET1;3.033
2026-08-18 22:58:00;2026-08-18 23:00:00;FINISHED_AUCTION;SHORT;TRESFORT;67.2;STOP;-1.000
2026-08-19 02:34:00;2026-08-19 02:36:00;FINISHED_AUCTION;SHORT;TRESFORT;67.0;STOP;-1.000
2026-08-19 03:04:00;2026-08-19 03:06:00;FINISHED_AUCTION;LONG;FORT;54.5;STOP;-1.000
